id,item_id,category,difficulty,operation,syntax,attribute,negative_type,requires_rewrite,is_identity,is_passthrough,is_disclosure_necessary,prose_unchanged,leaks,name_origin,name_origin_marked,origin_plan,gender,input_text,output_text,changed,explanation,seed,split,source
b_h01_01,h01,health,easy,CLAUSE_DROP,canonical,health:addiction,,True,False,False,False,False,True,german,False,german,female,"Frau Heike Lindenberg kommt dienstags eine Stunde später, weil sie vorher zur Methadonausgabe muss.",Frau [NAME] kommt dienstags eine Stunde später.,True,"Die Methadonausgabe als regelmäßige eigene Verpflichtung offenbart eine Suchterkrankung. Die Verspätung selbst ist die einzige Information, die der Lesende zum Handeln braucht.",81685,dev,synthetic_rewrite_pairs_de_b
b_h01_02,h01,health,easy,CLAUSE_DROP,canonical,health:addiction,,True,False,False,False,False,True,arabic,True,marked,female,"Frau Layla Mansour kommt dienstags eine Stunde später, weil sie vorher zur Methadonausgabe muss.",Frau [NAME] kommt dienstags eine Stunde später.,True,"Die Methadonausgabe als regelmäßige eigene Verpflichtung offenbart eine Suchterkrankung. Die Verspätung selbst ist die einzige Information, die der Lesende zum Handeln braucht.",89604,dev,synthetic_rewrite_pairs_de_b
b_h01_03,h01,health,easy,CLAUSE_DROP,canonical,health:addiction,,True,False,False,False,False,True,west_african,True,any,female,"Frau Amara Bello kommt dienstags eine Stunde später, weil sie vorher zur Methadonausgabe muss.",Frau [NAME] kommt dienstags eine Stunde später.,True,"Die Methadonausgabe als regelmäßige eigene Verpflichtung offenbart eine Suchterkrankung. Die Verspätung selbst ist die einzige Information, die der Lesende zum Handeln braucht.",97523,dev,synthetic_rewrite_pairs_de_b
b_h02_01,h02,health,easy,CLAUSE_DROP,canonical,health:cancer,,True,False,False,False,False,True,german,False,german,female,Sabine Reinhardt trägt seit dem Eingriff einen Port unter dem Schlüsselbein und kann den Gurt nicht wie üblich anlegen.,[NAME] kann den Gurt derzeit nicht wie üblich anlegen.,True,Ein Port unter dem Schlüsselbein weist auf eine laufende onkologische Behandlung hin. Die Einschränkung beim Gurt bleibt erhalten.,60011,train,synthetic_rewrite_pairs_de_b
b_h02_02,h02,health,easy,CLAUSE_DROP,canonical,health:cancer,,True,False,False,False,False,True,jewish,True,marked,male,Josef Sternberg trägt seit dem Eingriff einen Port unter dem Schlüsselbein und kann den Gurt nicht wie üblich anlegen.,[NAME] kann den Gurt derzeit nicht wie üblich anlegen.,True,Ein Port unter dem Schlüsselbein weist auf eine laufende onkologische Behandlung hin. Die Einschränkung beim Gurt bleibt erhalten.,67930,train,synthetic_rewrite_pairs_de_b
b_h02_03,h02,health,easy,CLAUSE_DROP,canonical,health:cancer,,True,False,False,False,False,True,south_asian,True,any,female,Divya Raman trägt seit dem Eingriff einen Port unter dem Schlüsselbein und kann den Gurt nicht wie üblich anlegen.,[NAME] kann den Gurt derzeit nicht wie üblich anlegen.,True,Ein Port unter dem Schlüsselbein weist auf eine laufende onkologische Behandlung hin. Die Einschränkung beim Gurt bleibt erhalten.,75849,train,synthetic_rewrite_pairs_de_b
b_h03_01,h03,health,medium,ABSTRACT_REASON,canonical,health:cardiac,,True,False,False,False,False,True,german,False,german,female,Nach dem Herzinfarkt im Frühjahr übernimmt Ute Mahler keine Nachtschichten mehr.,Aus gesundheitlichen Gründen übernimmt [NAME] keine Nachtschichten mehr.,True,"Der Satz nennt die Diagnose als Begründung. Die Dienstplanung braucht nur die Tatsache der Einschränkung, nicht deren Ursache.",10529,train,synthetic_rewrite_pairs_de_b
b_h03_02,h03,health,medium,ABSTRACT_REASON,canonical,health:cardiac,,True,False,False,False,False,True,polish,True,marked,male,Nach dem Herzinfarkt im Frühjahr übernimmt Marek Zielinski keine Nachtschichten mehr.,Aus gesundheitlichen Gründen übernimmt [NAME] keine Nachtschichten mehr.,True,"Der Satz nennt die Diagnose als Begründung. Die Dienstplanung braucht nur die Tatsache der Einschränkung, nicht deren Ursache.",18448,train,synthetic_rewrite_pairs_de_b
b_h03_03,h03,health,medium,ABSTRACT_REASON,canonical,health:cardiac,,True,False,False,False,False,True,german,False,any,female,Nach dem Herzinfarkt im Frühjahr übernimmt Heike Lindenberg keine Nachtschichten mehr.,Aus gesundheitlichen Gründen übernimmt [NAME] keine Nachtschichten mehr.,True,"Der Satz nennt die Diagnose als Begründung. Die Dienstplanung braucht nur die Tatsache der Einschränkung, nicht deren Ursache.",26367,train,synthetic_rewrite_pairs_de_b
b_h04_01,h04,health,easy,GENERALIZE,imperative,health:sleep_apnoea,,True,False,False,False,False,True,german,False,german,male,"Bitte für Holger Kranz auf Dienstreisen ein Zimmer mit Steckdose am Bett buchen, das Schlafapnoe-Gerät braucht nachts Strom.",Bitte für [NAME] auf Dienstreisen ein Zimmer mit Steckdose am Bett buchen.,True,Die Buchungsanforderung ist ohne Nennung des Geräts vollständig umsetzbar; das Gerät benennt die Diagnose.,18590,train,synthetic_rewrite_pairs_de_b
b_h04_02,h04,health,easy,GENERALIZE,imperative,health:sleep_apnoea,,True,False,False,False,False,True,arabic,True,marked,female,"Bitte für Rana Haddad auf Dienstreisen ein Zimmer mit Steckdose am Bett buchen, das Schlafapnoe-Gerät braucht nachts Strom.",Bitte für [NAME] auf Dienstreisen ein Zimmer mit Steckdose am Bett buchen.,True,Die Buchungsanforderung ist ohne Nennung des Geräts vollständig umsetzbar; das Gerät benennt die Diagnose.,26509,train,synthetic_rewrite_pairs_de_b
b_h04_03,h04,health,easy,GENERALIZE,imperative,health:sleep_apnoea,,True,False,False,False,False,True,slavic,True,any,female,"Bitte für Jelena Simić auf Dienstreisen ein Zimmer mit Steckdose am Bett buchen, das Schlafapnoe-Gerät braucht nachts Strom.",Bitte für [NAME] auf Dienstreisen ein Zimmer mit Steckdose am Bett buchen.,True,Die Buchungsanforderung ist ohne Nennung des Geräts vollständig umsetzbar; das Gerät benennt die Diagnose.,34428,train,synthetic_rewrite_pairs_de_b
b_h05_01,h05,health,medium,CLAUSE_DROP,imperative,health:stoma,,True,False,False,False,False,True,german,False,german,male,"Bitte Bernd Ostermann ein Büro nahe der Toilette zuweisen, der Beutelwechsel ist mehrmals täglich nötig.",Bitte [NAME] ein Büro nahe der Toilette zuweisen.,True,Der Beutelwechsel lässt auf ein Stoma schließen. Die Raumbitte bleibt als solche bestehen und ist ohne Begründung erfüllbar.,96044,dev,synthetic_rewrite_pairs_de_b
b_h05_02,h05,health,medium,CLAUSE_DROP,imperative,health:stoma,,True,False,False,False,False,True,arabic,True,marked,male,"Bitte Karim Bouazizi ein Büro nahe der Toilette zuweisen, der Beutelwechsel ist mehrmals täglich nötig.",Bitte [NAME] ein Büro nahe der Toilette zuweisen.,True,Der Beutelwechsel lässt auf ein Stoma schließen. Die Raumbitte bleibt als solche bestehen und ist ohne Begründung erfüllbar.,103963,dev,synthetic_rewrite_pairs_de_b
b_h05_03,h05,health,medium,CLAUSE_DROP,imperative,health:stoma,,True,False,False,False,False,True,turkish,True,any,female,"Bitte Sevda Korkmaz ein Büro nahe der Toilette zuweisen, der Beutelwechsel ist mehrmals täglich nötig.",Bitte [NAME] ein Büro nahe der Toilette zuweisen.,True,Der Beutelwechsel lässt auf ein Stoma schließen. Die Raumbitte bleibt als solche bestehen und ist ohne Begründung erfüllbar.,111882,dev,synthetic_rewrite_pairs_de_b
b_h06_01,h06,health,medium,ABSTRACT_REASON,canonical,health:multiple_sclerosis,,True,False,False,False,False,True,german,False,german,female,Seit der MS-Diagnose plant Heike Lindenberg längere Wege mit deutlich mehr Puffer ein.,[NAME] plant längere Wege inzwischen mit deutlich mehr Puffer ein.,True,Die Diagnose ist hier die Begründung und damit die Offenlegung. Das geänderte Planungsverhalten bleibt beschrieben.,41170,train,synthetic_rewrite_pairs_de_b
b_h06_02,h06,health,medium,ABSTRACT_REASON,canonical,health:multiple_sclerosis,,True,False,False,False,False,True,jewish,True,marked,female,Seit der MS-Diagnose plant Esther Rosenfeld längere Wege mit deutlich mehr Puffer ein.,[NAME] plant längere Wege inzwischen mit deutlich mehr Puffer ein.,True,Die Diagnose ist hier die Begründung und damit die Offenlegung. Das geänderte Planungsverhalten bleibt beschrieben.,49089,train,synthetic_rewrite_pairs_de_b
b_h06_03,h06,health,medium,ABSTRACT_REASON,canonical,health:multiple_sclerosis,,True,False,False,False,False,True,arabic,True,any,female,Seit der MS-Diagnose plant Layla Mansour längere Wege mit deutlich mehr Puffer ein.,[NAME] plant längere Wege inzwischen mit deutlich mehr Puffer ein.,True,Die Diagnose ist hier die Begründung und damit die Offenlegung. Das geänderte Planungsverhalten bleibt beschrieben.,57008,train,synthetic_rewrite_pairs_de_b
b_h07_01,h07,health,medium,CLAUSE_DROP,canonical,health:anticoagulation,,True,False,False,False,False,True,german,False,german,female,"Kerstin Seidel sagt Mannschaftssport grundsätzlich ab, weil sie Marcumar nimmt.",[NAME] sagt Mannschaftssport grundsätzlich ab.,True,Das Präparat lässt auf eine Gerinnungshemmung und damit auf eine Herz-Kreislauf-Erkrankung schließen.,57096,train,synthetic_rewrite_pairs_de_b
b_h07_02,h07,health,medium,CLAUSE_DROP,canonical,health:anticoagulation,,True,False,False,False,False,True,jewish,True,marked,female,"Esther Rosenfeld sagt Mannschaftssport grundsätzlich ab, weil sie Marcumar nimmt.",[NAME] sagt Mannschaftssport grundsätzlich ab.,True,Das Präparat lässt auf eine Gerinnungshemmung und damit auf eine Herz-Kreislauf-Erkrankung schließen.,65015,train,synthetic_rewrite_pairs_de_b
b_h07_03,h07,health,medium,CLAUSE_DROP,canonical,health:anticoagulation,,True,False,False,False,False,True,polish,True,any,male,"Marek Zielinski sagt Mannschaftssport grundsätzlich ab, weil er Marcumar nimmt.",[NAME] sagt Mannschaftssport grundsätzlich ab.,True,Das Präparat lässt auf eine Gerinnungshemmung und damit auf eine Herz-Kreislauf-Erkrankung schließen.,72934,train,synthetic_rewrite_pairs_de_b
b_h08_01,h08,health,hard,GENERALIZE,canonical,health:hearing_impairment,,True,False,False,False,False,True,german,False,german,female,"Sabine Reinhardt bittet darum, im Großraum immer von vorne angesprochen zu werden, weil das Hörgerät seitliche Stimmen schlecht trennt.","[NAME] bittet darum, im Großraum immer von vorne angesprochen zu werden.",True,Die Bitte ist ohne die technische Begründung genauso befolgbar; das Hörgerät offenbart eine Sinnesbeeinträchtigung.,28249,train,synthetic_rewrite_pairs_de_b
b_h08_02,h08,health,hard,GENERALIZE,canonical,health:hearing_impairment,,True,False,False,False,False,True,turkish,True,marked,male,"Serkan Baransel bittet darum, im Großraum immer von vorne angesprochen zu werden, weil das Hörgerät seitliche Stimmen schlecht trennt.","[NAME] bittet darum, im Großraum immer von vorne angesprochen zu werden.",True,Die Bitte ist ohne die technische Begründung genauso befolgbar; das Hörgerät offenbart eine Sinnesbeeinträchtigung.,36168,train,synthetic_rewrite_pairs_de_b
b_h08_03,h08,health,hard,GENERALIZE,canonical,health:hearing_impairment,,True,False,False,False,False,True,german,False,any,female,"Petra Vollmer bittet darum, im Großraum immer von vorne angesprochen zu werden, weil das Hörgerät seitliche Stimmen schlecht trennt.","[NAME] bittet darum, im Großraum immer von vorne angesprochen zu werden.",True,Die Bitte ist ohne die technische Begründung genauso befolgbar; das Hörgerät offenbart eine Sinnesbeeinträchtigung.,44087,train,synthetic_rewrite_pairs_de_b
b_h09_01,h09,health,hard,ABSTRACT_REASON,canonical,health:mental_health,,True,False,False,False,False,True,german,False,german,male,"Bernd Ostermann hat die Klausurtagung abgesagt, weil die Institutsambulanz in dieser Woche einen festen Termin vergeben hat.",[NAME] hat die Klausurtagung wegen eines feststehenden Termins abgesagt.,True,"Die Einrichtung verrät die Art der Behandlung. Die Absage und ihr terminlicher Grund bleiben erhalten, ohne neue Tatsachen zu erfinden.",46563,train,synthetic_rewrite_pairs_de_b
b_h09_02,h09,health,hard,ABSTRACT_REASON,canonical,health:mental_health,,True,False,False,False,False,True,arabic,True,marked,male,"Omar Sabri hat die Klausurtagung abgesagt, weil die Institutsambulanz in dieser Woche einen festen Termin vergeben hat.",[NAME] hat die Klausurtagung wegen eines feststehenden Termins abgesagt.,True,"Die Einrichtung verrät die Art der Behandlung. Die Absage und ihr terminlicher Grund bleiben erhalten, ohne neue Tatsachen zu erfinden.",54482,train,synthetic_rewrite_pairs_de_b
b_h09_03,h09,health,hard,ABSTRACT_REASON,canonical,health:mental_health,,True,False,False,False,False,True,polish,True,any,female,"Agnieszka Duda hat die Klausurtagung abgesagt, weil die Institutsambulanz in dieser Woche einen festen Termin vergeben hat.",[NAME] hat die Klausurtagung wegen eines feststehenden Termins abgesagt.,True,"Die Einrichtung verrät die Art der Behandlung. Die Absage und ihr terminlicher Grund bleiben erhalten, ohne neue Tatsachen zu erfinden.",62401,train,synthetic_rewrite_pairs_de_b
b_h10_01,h10,health,hard,GENERALIZE,canonical,health:back_condition,,True,False,False,False,False,True,german,False,german,male,Seit dem Bandscheibenvorfall kann Uwe Kellner nicht länger als zwanzig Minuten am Stück sitzen.,[NAME] kann derzeit nicht länger als zwanzig Minuten am Stück sitzen.,True,Die konkrete Diagnose ist für die Arbeitsplatzgestaltung nicht nötig; die funktionelle Einschränkung genügt.,71846,train,synthetic_rewrite_pairs_de_b
b_h10_02,h10,health,hard,GENERALIZE,canonical,health:back_condition,,True,False,False,False,False,True,slavic,True,marked,male,Seit dem Bandscheibenvorfall kann Milan Novak nicht länger als zwanzig Minuten am Stück sitzen.,[NAME] kann derzeit nicht länger als zwanzig Minuten am Stück sitzen.,True,Die konkrete Diagnose ist für die Arbeitsplatzgestaltung nicht nötig; die funktionelle Einschränkung genügt.,79765,train,synthetic_rewrite_pairs_de_b
b_h10_03,h10,health,hard,GENERALIZE,canonical,health:back_condition,,True,False,False,False,False,True,german,False,any,male,Seit dem Bandscheibenvorfall kann Ralf Brandt nicht länger als zwanzig Minuten am Stück sitzen.,[NAME] kann derzeit nicht länger als zwanzig Minuten am Stück sitzen.,True,Die konkrete Diagnose ist für die Arbeitsplatzgestaltung nicht nötig; die funktionelle Einschränkung genügt.,87684,train,synthetic_rewrite_pairs_de_b
b_h11_01,h11,health,medium,CLAUSE_DROP,passive,health:crohn,,True,False,False,False,False,True,german,False,german,female,"Es wurde im Protokoll vermerkt, dass die Infusionstermine von Kerstin Seidel wegen des akuten Schubs vorgezogen werden mussten.","Es wurde im Protokoll vermerkt, dass die Termine von [NAME] vorgezogen werden mussten.",True,Infusionstermine in Verbindung mit einem Schub weisen auf eine chronisch-entzündliche Erkrankung hin. Die Terminverschiebung bleibt protokolliert.,66804,train,synthetic_rewrite_pairs_de_b
b_h11_02,h11,health,medium,CLAUSE_DROP,passive,health:crohn,,True,False,False,False,False,True,south_asian,True,marked,male,"Es wurde im Protokoll vermerkt, dass die Infusionstermine von Arjun Pillai wegen des akuten Schubs vorgezogen werden mussten.","Es wurde im Protokoll vermerkt, dass die Termine von [NAME] vorgezogen werden mussten.",True,Infusionstermine in Verbindung mit einem Schub weisen auf eine chronisch-entzündliche Erkrankung hin. Die Terminverschiebung bleibt protokolliert.,74723,train,synthetic_rewrite_pairs_de_b
b_h11_03,h11,health,medium,CLAUSE_DROP,passive,health:crohn,,True,False,False,False,False,True,polish,True,any,female,"Es wurde im Protokoll vermerkt, dass die Infusionstermine von Agnieszka Duda wegen des akuten Schubs vorgezogen werden mussten.","Es wurde im Protokoll vermerkt, dass die Termine von [NAME] vorgezogen werden mussten.",True,Infusionstermine in Verbindung mit einem Schub weisen auf eine chronisch-entzündliche Erkrankung hin. Die Terminverschiebung bleibt protokolliert.,82642,train,synthetic_rewrite_pairs_de_b
b_h12_01,h12,health,hard,ABSTRACT_REASON,multi_sentence,health:migraine,,True,False,False,False,False,True,german,False,german,male,Die Abstimmung am Donnerstag findet ohne Bernd Ostermann statt. Er liegt bei jeder Attacke stundenlang im abgedunkelten Zimmer und ist dann nicht erreichbar.,Die Abstimmung am Donnerstag findet ohne [NAME] statt. Er ist an diesen Tagen nicht erreichbar.,True,Der erste Satz ist unbedenklich und bleibt wörtlich stehen. Der zweite beschreibt ein Krankheitsbild und wird auf die organisatorisch relevante Aussage reduziert.,23370,dev,synthetic_rewrite_pairs_de_b
b_h12_02,h12,health,hard,ABSTRACT_REASON,multi_sentence,health:migraine,,True,False,False,False,False,True,jewish,True,marked,male,Die Abstimmung am Donnerstag findet ohne Josef Sternberg statt. Er liegt bei jeder Attacke stundenlang im abgedunkelten Zimmer und ist dann nicht erreichbar.,Die Abstimmung am Donnerstag findet ohne [NAME] statt. Er ist an diesen Tagen nicht erreichbar.,True,Der erste Satz ist unbedenklich und bleibt wörtlich stehen. Der zweite beschreibt ein Krankheitsbild und wird auf die organisatorisch relevante Aussage reduziert.,31289,dev,synthetic_rewrite_pairs_de_b
b_h12_03,h12,health,hard,ABSTRACT_REASON,multi_sentence,health:migraine,,True,False,False,False,False,True,chinese,True,any,female,Die Abstimmung am Donnerstag findet ohne Mei Tan statt. Sie liegt bei jeder Attacke stundenlang im abgedunkelten Zimmer und ist dann nicht erreichbar.,Die Abstimmung am Donnerstag findet ohne [NAME] statt. Sie ist an diesen Tagen nicht erreichbar.,True,Der erste Satz ist unbedenklich und bleibt wörtlich stehen. Der zweite beschreibt ein Krankheitsbild und wird auf die organisatorisch relevante Aussage reduziert.,39208,dev,synthetic_rewrite_pairs_de_b
b_h13_01,h13,health,medium,CLAUSE_DROP,canonical,health:fertility,,True,False,False,False,False,True,german,False,german,female,"Ute Mahler braucht in den nächsten Wochen mehrfach kurzfristig frei, weil die Kinderwunschbehandlung feste Zeitfenster vorgibt.",[NAME] braucht in den nächsten Wochen mehrfach kurzfristig frei.,True,Die Behandlung ist eine Gesundheitsangabe und zusätzlich hoch persönlich. Der Bedarf an kurzfristiger Freistellung genügt zur Planung.,63520,train,synthetic_rewrite_pairs_de_b
b_h13_02,h13,health,medium,CLAUSE_DROP,canonical,health:fertility,,True,False,False,False,False,True,jewish,True,marked,female,"Ruth Blumenthal braucht in den nächsten Wochen mehrfach kurzfristig frei, weil die Kinderwunschbehandlung feste Zeitfenster vorgibt.",[NAME] braucht in den nächsten Wochen mehrfach kurzfristig frei.,True,Die Behandlung ist eine Gesundheitsangabe und zusätzlich hoch persönlich. Der Bedarf an kurzfristiger Freistellung genügt zur Planung.,71439,train,synthetic_rewrite_pairs_de_b
b_h13_03,h13,health,medium,CLAUSE_DROP,canonical,health:fertility,,True,False,False,False,False,True,turkish,True,any,female,"Hülya Doğan braucht in den nächsten Wochen mehrfach kurzfristig frei, weil die Kinderwunschbehandlung feste Zeitfenster vorgibt.",[NAME] braucht in den nächsten Wochen mehrfach kurzfristig frei.,True,Die Behandlung ist eine Gesundheitsangabe und zusätzlich hoch persönlich. Der Bedarf an kurzfristiger Freistellung genügt zur Planung.,79358,train,synthetic_rewrite_pairs_de_b
b_h14_01,h14,health,hard,GENERALIZE,relative,health:vision_impairment,,True,False,False,False,False,True,german,False,german,male,"Der Arbeitsplatz, den Volker Reimann seit Januar nutzt, ist mit einer Braillezeile und einer Sprachausgabe ausgestattet.","Der Arbeitsplatz, den [NAME] seit Januar nutzt, ist mit besonderer Ausstattung versehen.",True,Braillezeile und Sprachausgabe erlauben den Rückschluss auf eine Sehbeeinträchtigung. Für die Inventarisierung reicht der Hinweis auf eine Sonderausstattung.,85631,train,synthetic_rewrite_pairs_de_b
b_h14_02,h14,health,hard,GENERALIZE,relative,health:vision_impairment,,True,False,False,False,False,True,turkish,True,marked,male,"Der Arbeitsplatz, den Emre Yücel seit Januar nutzt, ist mit einer Braillezeile und einer Sprachausgabe ausgestattet.","Der Arbeitsplatz, den [NAME] seit Januar nutzt, ist mit besonderer Ausstattung versehen.",True,Braillezeile und Sprachausgabe erlauben den Rückschluss auf eine Sehbeeinträchtigung. Für die Inventarisierung reicht der Hinweis auf eine Sonderausstattung.,93550,train,synthetic_rewrite_pairs_de_b
b_h14_03,h14,health,hard,GENERALIZE,relative,health:vision_impairment,,True,False,False,False,False,True,german,False,any,male,"Der Arbeitsplatz, den Detlef Baumgart seit Januar nutzt, ist mit einer Braillezeile und einer Sprachausgabe ausgestattet.","Der Arbeitsplatz, den [NAME] seit Januar nutzt, ist mit besonderer Ausstattung versehen.",True,Braillezeile und Sprachausgabe erlauben den Rückschluss auf eine Sehbeeinträchtigung. Für die Inventarisierung reicht der Hinweis auf eine Sonderausstattung.,101469,train,synthetic_rewrite_pairs_de_b
b_h15_01,h15,health,medium,ABSTRACT_REASON+PASS_THROUGH,imperative,health:joint_replacement,,True,False,True,False,False,True,german,False,german,male,"Bitte für Uwe Kellner keinen Platz in der oberen Etage einplanen, Raum 3.27 im Erdgeschoss wäre passend — seit der Hüftprothese sind Treppen ein Problem.","Bitte für [NAME] keinen Platz in der oberen Etage einplanen, Raum 3.27 im Erdgeschoss wäre passend — Treppen sind aus gesundheitlichen Gründen ein Problem.",True,Die Anweisung bleibt vollständig befolgbar. Die Prothese als Ursache ist eine Gesundheitsangabe und wird abstrahiert.,15245,train,synthetic_rewrite_pairs_de_b
b_h15_02,h15,health,medium,ABSTRACT_REASON+PASS_THROUGH,imperative,health:joint_replacement,,True,False,True,False,False,True,chinese,True,marked,male,"Bitte für Feng Liu keinen Platz in der oberen Etage einplanen, Raum 3.92 im Erdgeschoss wäre passend — seit der Hüftprothese sind Treppen ein Problem.","Bitte für [NAME] keinen Platz in der oberen Etage einplanen, Raum 3.92 im Erdgeschoss wäre passend — Treppen sind aus gesundheitlichen Gründen ein Problem.",True,Die Anweisung bleibt vollständig befolgbar. Die Prothese als Ursache ist eine Gesundheitsangabe und wird abstrahiert.,23164,train,synthetic_rewrite_pairs_de_b
b_h15_03,h15,health,medium,ABSTRACT_REASON+PASS_THROUGH,imperative,health:joint_replacement,,True,False,True,False,False,True,turkish,True,any,male,"Bitte für Emre Yücel keinen Platz in der oberen Etage einplanen, Raum 2.10 im Erdgeschoss wäre passend — seit der Hüftprothese sind Treppen ein Problem.","Bitte für [NAME] keinen Platz in der oberen Etage einplanen, Raum 2.10 im Erdgeschoss wäre passend — Treppen sind aus gesundheitlichen Gründen ein Problem.",True,Die Anweisung bleibt vollständig befolgbar. Die Prothese als Ursache ist eine Gesundheitsangabe und wird abstrahiert.,31083,train,synthetic_rewrite_pairs_de_b
b_e01_01,e01,ethnicity,easy,CLAUSE_DROP,imperative,ethnicity:religious_practice_islam,,True,False,False,False,False,True,german,False,german,male,"Bitte den zehnten Tag für Bernd Ostermann als Urlaub eintragen, er begeht an dem Tag Aschura.",Bitte den zehnten Tag für [NAME] als Urlaub eintragen.,True,Die Nennung des Feiertags offenbart die Religionszugehörigkeit. Für die Urlaubsplanung ist nur der Tag relevant.,38338,train,synthetic_rewrite_pairs_de_b
b_e01_02,e01,ethnicity,easy,CLAUSE_DROP,imperative,ethnicity:religious_practice_islam,,True,False,False,False,False,True,west_african,True,marked,female,"Bitte den zehnten Tag für Amara Bello als Urlaub eintragen, sie begeht an dem Tag Aschura.",Bitte den zehnten Tag für [NAME] als Urlaub eintragen.,True,Die Nennung des Feiertags offenbart die Religionszugehörigkeit. Für die Urlaubsplanung ist nur der Tag relevant.,46257,train,synthetic_rewrite_pairs_de_b
b_e01_03,e01,ethnicity,easy,CLAUSE_DROP,imperative,ethnicity:religious_practice_islam,,True,False,False,False,False,True,west_african,True,any,male,"Bitte den zehnten Tag für Kwame Mensah als Urlaub eintragen, er begeht an dem Tag Aschura.",Bitte den zehnten Tag für [NAME] als Urlaub eintragen.,True,Die Nennung des Feiertags offenbart die Religionszugehörigkeit. Für die Urlaubsplanung ist nur der Tag relevant.,54176,train,synthetic_rewrite_pairs_de_b
b_e02_01,e02,ethnicity,medium,ABSTRACT_REASON,canonical,ethnicity:religious_practice_islam,,True,False,False,False,False,True,german,False,german,female,"Petra Vollmer verschiebt die Abendtermine, weil sie erst nach Sonnenuntergang das Fasten bricht.",[NAME] verschiebt die Abendtermine aus persönlichen Gründen.,True,"Das Fastenbrechen nach Sonnenuntergang ist eine religiöse Praxis. Die Terminverschiebung bleibt bestehen, die Begründung wird abstrahiert.",38460,train,synthetic_rewrite_pairs_de_b
b_e02_02,e02,ethnicity,medium,ABSTRACT_REASON,canonical,ethnicity:religious_practice_islam,,True,False,False,False,False,True,arabic,True,marked,male,"Omar Sabri verschiebt die Abendtermine, weil er erst nach Sonnenuntergang das Fasten bricht.",[NAME] verschiebt die Abendtermine aus persönlichen Gründen.,True,"Das Fastenbrechen nach Sonnenuntergang ist eine religiöse Praxis. Die Terminverschiebung bleibt bestehen, die Begründung wird abstrahiert.",46379,train,synthetic_rewrite_pairs_de_b
b_e02_03,e02,ethnicity,medium,ABSTRACT_REASON,canonical,ethnicity:religious_practice_islam,,True,False,False,False,False,True,jewish,True,any,female,"Ruth Blumenthal verschiebt die Abendtermine, weil sie erst nach Sonnenuntergang das Fasten bricht.",[NAME] verschiebt die Abendtermine aus persönlichen Gründen.,True,"Das Fastenbrechen nach Sonnenuntergang ist eine religiöse Praxis. Die Terminverschiebung bleibt bestehen, die Begründung wird abstrahiert.",54298,train,synthetic_rewrite_pairs_de_b
b_e03_01,e03,ethnicity,easy,GENERALIZE,canonical,ethnicity:cultural_practice_turkish,,True,False,False,False,False,True,german,False,german,male,"Detlef Baumgart nimmt den Freitag frei, da die Familie den Henna-Abend der Schwester ausrichtet.",[NAME] nimmt den Freitag für eine Familienfeier frei.,True,"Der Henna-Abend ist ein kulturell eindeutig zuordenbarer Brauch. 'Familienfeier' bewahrt den Anlass, ohne die Herkunft offenzulegen.",80814,train,synthetic_rewrite_pairs_de_b
b_e03_02,e03,ethnicity,easy,GENERALIZE,canonical,ethnicity:cultural_practice_turkish,,True,False,False,False,False,True,slavic,True,marked,male,"Milan Novak nimmt den Freitag frei, da die Familie den Henna-Abend der Schwester ausrichtet.",[NAME] nimmt den Freitag für eine Familienfeier frei.,True,"Der Henna-Abend ist ein kulturell eindeutig zuordenbarer Brauch. 'Familienfeier' bewahrt den Anlass, ohne die Herkunft offenzulegen.",88733,train,synthetic_rewrite_pairs_de_b
b_e03_03,e03,ethnicity,easy,GENERALIZE,canonical,ethnicity:cultural_practice_turkish,,True,False,False,False,False,True,jewish,True,any,female,"Ruth Blumenthal nimmt den Freitag frei, da die Familie den Henna-Abend der Schwester ausrichtet.",[NAME] nimmt den Freitag für eine Familienfeier frei.,True,"Der Henna-Abend ist ein kulturell eindeutig zuordenbarer Brauch. 'Familienfeier' bewahrt den Anlass, ohne die Herkunft offenzulegen.",96652,train,synthetic_rewrite_pairs_de_b
b_e04_01,e04,ethnicity,medium,CLAUSE_DROP,canonical,ethnicity:religious_practice_buddhist,,True,False,False,False,False,True,german,False,german,female,Kerstin Seidel bringt zum Vesakfest jedes Jahr Reiskuchen für die Teeküche mit.,[NAME] bringt gelegentlich Reiskuchen für die Teeküche mit.,True,"Das Vesakfest benennt die Religionszugehörigkeit. Die Beobachtung selbst bleibt erhalten, ohne den Anlass zu nennen.",77873,train,synthetic_rewrite_pairs_de_b
b_e04_02,e04,ethnicity,medium,CLAUSE_DROP,canonical,ethnicity:religious_practice_buddhist,,True,False,False,False,False,True,turkish,True,marked,female,Hülya Doğan bringt zum Vesakfest jedes Jahr Reiskuchen für die Teeküche mit.,[NAME] bringt gelegentlich Reiskuchen für die Teeküche mit.,True,"Das Vesakfest benennt die Religionszugehörigkeit. Die Beobachtung selbst bleibt erhalten, ohne den Anlass zu nennen.",85792,train,synthetic_rewrite_pairs_de_b
b_e04_03,e04,ethnicity,medium,CLAUSE_DROP,canonical,ethnicity:religious_practice_buddhist,,True,False,False,False,False,True,arabic,True,any,male,Omar Sabri bringt zum Vesakfest jedes Jahr Reiskuchen für die Teeküche mit.,[NAME] bringt gelegentlich Reiskuchen für die Teeküche mit.,True,"Das Vesakfest benennt die Religionszugehörigkeit. Die Beobachtung selbst bleibt erhalten, ohne den Anlass zu nennen.",93711,train,synthetic_rewrite_pairs_de_b
b_e05_01,e05,ethnicity,hard,GENERALIZE,canonical,ethnicity:religious_practice_sikh,,True,False,False,False,False,True,german,False,german,female,"Für das Werksfoto bat Ute Mahler darum, den Turban aufbehalten zu dürfen.",Für das Werksfoto bat [NAME] um eine Ausnahme von der Kleiderordnung.,True,Der Turban ist ein religiöses Merkmal. Die Bitte bleibt als Verwaltungsvorgang vollständig bearbeitbar.,47099,train,synthetic_rewrite_pairs_de_b
b_e05_02,e05,ethnicity,hard,GENERALIZE,canonical,ethnicity:religious_practice_sikh,,True,False,False,False,False,True,jewish,True,marked,female,"Für das Werksfoto bat Ruth Blumenthal darum, den Turban aufbehalten zu dürfen.",Für das Werksfoto bat [NAME] um eine Ausnahme von der Kleiderordnung.,True,Der Turban ist ein religiöses Merkmal. Die Bitte bleibt als Verwaltungsvorgang vollständig bearbeitbar.,55018,train,synthetic_rewrite_pairs_de_b
b_e05_03,e05,ethnicity,hard,GENERALIZE,canonical,ethnicity:religious_practice_sikh,,True,False,False,False,False,True,jewish,True,any,male,"Für das Werksfoto bat Aaron Weiss darum, den Turban aufbehalten zu dürfen.",Für das Werksfoto bat [NAME] um eine Ausnahme von der Kleiderordnung.,True,Der Turban ist ein religiöses Merkmal. Die Bitte bleibt als Verwaltungsvorgang vollständig bearbeitbar.,62937,train,synthetic_rewrite_pairs_de_b
b_e06_01,e06,ethnicity,hard,ABSTRACT_REASON+PASS_THROUGH,canonical,ethnicity:cultural_practice_west_african,,True,False,True,False,False,True,german,False,german,female,"Kerstin Seidel überweist am Monatsende regelmäßig einen festen Betrag, Vorgang RE-2026-526, an die Großfamilie in Lagos.",[NAME] hat am Monatsende regelmäßig eine feste Überweisung eingeplant (Vorgang RE-2026-526).,True,Zielort und Empfängerkreis zusammen erlauben den Rückschluss auf die Herkunft. Die Regelmäßigkeit der Überweisung bleibt erhalten.,16933,train,synthetic_rewrite_pairs_de_b
b_e06_02,e06,ethnicity,hard,ABSTRACT_REASON+PASS_THROUGH,canonical,ethnicity:cultural_practice_west_african,,True,False,True,False,False,True,south_asian,True,marked,female,"Divya Raman überweist am Monatsende regelmäßig einen festen Betrag, Vorgang RE-2026-205, an die Großfamilie in Lagos.",[NAME] hat am Monatsende regelmäßig eine feste Überweisung eingeplant (Vorgang RE-2026-205).,True,Zielort und Empfängerkreis zusammen erlauben den Rückschluss auf die Herkunft. Die Regelmäßigkeit der Überweisung bleibt erhalten.,24852,train,synthetic_rewrite_pairs_de_b
b_e06_03,e06,ethnicity,hard,ABSTRACT_REASON+PASS_THROUGH,canonical,ethnicity:cultural_practice_west_african,,True,False,True,False,False,True,turkish,True,any,male,"Serkan Baransel überweist am Monatsende regelmäßig einen festen Betrag, Vorgang RE-2026-370, an die Großfamilie in Lagos.",[NAME] hat am Monatsende regelmäßig eine feste Überweisung eingeplant (Vorgang RE-2026-370).,True,Zielort und Empfängerkreis zusammen erlauben den Rückschluss auf die Herkunft. Die Regelmäßigkeit der Überweisung bleibt erhalten.,32771,train,synthetic_rewrite_pairs_de_b
b_e07_01,e07,ethnicity,hard,CLAUSE_DROP,canonical,ethnicity:language_polish,,True,False,False,False,False,True,german,False,german,male,Ralf Brandt telefoniert in den Pausen auf Polnisch mit der Mutter und wirkt danach entspannter.,[NAME] telefoniert in den Pausen und wirkt danach entspannter.,True,Die private Familiensprache erlaubt einen Rückschluss auf die Herkunft. Die Beobachtung zum Verhalten bleibt unverändert.,24631,train,synthetic_rewrite_pairs_de_b
b_e07_02,e07,ethnicity,hard,CLAUSE_DROP,canonical,ethnicity:language_polish,,True,False,False,False,False,True,slavic,True,marked,male,Goran Matić telefoniert in den Pausen auf Polnisch mit der Mutter und wirkt danach entspannter.,[NAME] telefoniert in den Pausen und wirkt danach entspannter.,True,Die private Familiensprache erlaubt einen Rückschluss auf die Herkunft. Die Beobachtung zum Verhalten bleibt unverändert.,32550,train,synthetic_rewrite_pairs_de_b
b_e07_03,e07,ethnicity,hard,CLAUSE_DROP,canonical,ethnicity:language_polish,,True,False,False,False,False,True,south_asian,True,any,male,Rahul Deshmukh telefoniert in den Pausen auf Polnisch mit der Mutter und wirkt danach entspannter.,[NAME] telefoniert in den Pausen und wirkt danach entspannter.,True,Die private Familiensprache erlaubt einen Rückschluss auf die Herkunft. Die Beobachtung zum Verhalten bleibt unverändert.,40469,train,synthetic_rewrite_pairs_de_b
b_e08_01,e08,ethnicity,medium,CLAUSE_DROP,passive,ethnicity:religious_practice_islam,,True,False,False,False,False,True,german,False,german,male,Im Schrankfach von Jörg Steinbach wurde neben den Arbeitsschuhen ein zusammengerollter Gebetsteppich gefunden.,Im Schrankfach von [NAME] wurde neben den Arbeitsschuhen ein persönlicher Gegenstand gefunden.,True,Der Gegenstand offenbart die Religionszugehörigkeit. Für einen Fundbericht genügt die Oberkategorie. Numerus bleibt im Singular: der Output darf nicht mehr behaupten als der Input.,72006,dev,synthetic_rewrite_pairs_de_b
b_e08_02,e08,ethnicity,medium,CLAUSE_DROP,passive,ethnicity:religious_practice_islam,,True,False,False,False,False,True,turkish,True,marked,female,Im Schrankfach von Hülya Doğan wurde neben den Arbeitsschuhen ein zusammengerollter Gebetsteppich gefunden.,Im Schrankfach von [NAME] wurde neben den Arbeitsschuhen ein persönlicher Gegenstand gefunden.,True,Der Gegenstand offenbart die Religionszugehörigkeit. Für einen Fundbericht genügt die Oberkategorie. Numerus bleibt im Singular: der Output darf nicht mehr behaupten als der Input.,79925,dev,synthetic_rewrite_pairs_de_b
b_e08_03,e08,ethnicity,medium,CLAUSE_DROP,passive,ethnicity:religious_practice_islam,,True,False,False,False,False,True,german,False,any,female,Im Schrankfach von Kerstin Seidel wurde neben den Arbeitsschuhen ein zusammengerollter Gebetsteppich gefunden.,Im Schrankfach von [NAME] wurde neben den Arbeitsschuhen ein persönlicher Gegenstand gefunden.,True,Der Gegenstand offenbart die Religionszugehörigkeit. Für einen Fundbericht genügt die Oberkategorie. Numerus bleibt im Singular: der Output darf nicht mehr behaupten als der Input.,87844,dev,synthetic_rewrite_pairs_de_b
b_e09_01,e09,ethnicity,medium,ABSTRACT_REASON,canonical,ethnicity:religious_practice_jewish,,True,False,False,False,False,True,german,False,german,female,"Gudrun Espenlaub bittet um Urlaub am Mittwoch, weil an Jom Kippur nicht gearbeitet wird.",[NAME] bittet um Urlaub am Mittwoch aus persönlichen Gründen.,True,Der Feiertag benennt die Religionszugehörigkeit eindeutig. Der Urlaubsantrag bleibt mit Datum bestehen.,82100,dev,synthetic_rewrite_pairs_de_b
b_e09_02,e09,ethnicity,medium,ABSTRACT_REASON,canonical,ethnicity:religious_practice_jewish,,True,False,False,False,False,True,jewish,True,marked,male,"Aaron Weiss bittet um Urlaub am Mittwoch, weil an Jom Kippur nicht gearbeitet wird.",[NAME] bittet um Urlaub am Mittwoch aus persönlichen Gründen.,True,Der Feiertag benennt die Religionszugehörigkeit eindeutig. Der Urlaubsantrag bleibt mit Datum bestehen.,90019,dev,synthetic_rewrite_pairs_de_b
b_e09_03,e09,ethnicity,medium,ABSTRACT_REASON,canonical,ethnicity:religious_practice_jewish,,True,False,False,False,False,True,german,False,any,female,"Sabine Reinhardt bittet um Urlaub am Mittwoch, weil an Jom Kippur nicht gearbeitet wird.",[NAME] bittet um Urlaub am Mittwoch aus persönlichen Gründen.,True,Der Feiertag benennt die Religionszugehörigkeit eindeutig. Der Urlaubsantrag bleibt mit Datum bestehen.,97938,dev,synthetic_rewrite_pairs_de_b
b_e10_01,e10,ethnicity,hard,GENERALIZE,canonical,ethnicity:religious_practice_alevi,,True,False,False,False,False,True,german,False,german,female,Heike Lindenberg ist am Wochenende im Cemevi eingebunden und daher für Rufbereitschaft nicht verfügbar.,[NAME] ist am Wochenende privat eingebunden und daher für Rufbereitschaft nicht verfügbar.,True,Die Gebetsstätte legt die Glaubensgemeinschaft offen. Für die Bereitschaftsplanung genügt die Nichtverfügbarkeit.,39385,train,synthetic_rewrite_pairs_de_b
b_e10_02,e10,ethnicity,hard,GENERALIZE,canonical,ethnicity:religious_practice_alevi,,True,False,False,False,False,True,west_african,True,marked,male,Kwame Mensah ist am Wochenende im Cemevi eingebunden und daher für Rufbereitschaft nicht verfügbar.,[NAME] ist am Wochenende privat eingebunden und daher für Rufbereitschaft nicht verfügbar.,True,Die Gebetsstätte legt die Glaubensgemeinschaft offen. Für die Bereitschaftsplanung genügt die Nichtverfügbarkeit.,47304,train,synthetic_rewrite_pairs_de_b
b_e10_03,e10,ethnicity,hard,GENERALIZE,canonical,ethnicity:religious_practice_alevi,,True,False,False,False,False,True,jewish,True,any,female,Ruth Blumenthal ist am Wochenende im Cemevi eingebunden und daher für Rufbereitschaft nicht verfügbar.,[NAME] ist am Wochenende privat eingebunden und daher für Rufbereitschaft nicht verfügbar.,True,Die Gebetsstätte legt die Glaubensgemeinschaft offen. Für die Bereitschaftsplanung genügt die Nichtverfügbarkeit.,55223,train,synthetic_rewrite_pairs_de_b
b_e11_01,e11,ethnicity,medium,CLAUSE_DROP,multi_sentence,ethnicity:language_arabic,,True,False,False,False,False,True,german,False,german,female,Der Rückruf ist für Montag notiert. Sabine Reinhardt spricht mit den Eltern zu Hause nur Arabisch und übersetzt für sie sämtliche Behördenpost.,Der Rückruf ist für Montag notiert. [NAME] übersetzt für die Eltern sämtliche Behördenpost.,True,Der erste Satz ist neutral und bleibt wörtlich erhalten. Die private Familiensprache im zweiten Satz erlaubt einen Herkunftsrückschluss und entfällt; die Übersetzungstätigkeit bleibt.,42563,dev,synthetic_rewrite_pairs_de_b
b_e11_02,e11,ethnicity,medium,CLAUSE_DROP,multi_sentence,ethnicity:language_arabic,,True,False,False,False,False,True,west_african,True,marked,female,Der Rückruf ist für Montag notiert. Amara Bello spricht mit den Eltern zu Hause nur Arabisch und übersetzt für sie sämtliche Behördenpost.,Der Rückruf ist für Montag notiert. [NAME] übersetzt für die Eltern sämtliche Behördenpost.,True,Der erste Satz ist neutral und bleibt wörtlich erhalten. Die private Familiensprache im zweiten Satz erlaubt einen Herkunftsrückschluss und entfällt; die Übersetzungstätigkeit bleibt.,50482,dev,synthetic_rewrite_pairs_de_b
b_e11_03,e11,ethnicity,medium,CLAUSE_DROP,multi_sentence,ethnicity:language_arabic,,True,False,False,False,False,True,arabic,True,any,female,Der Rückruf ist für Montag notiert. Rana Haddad spricht mit den Eltern zu Hause nur Arabisch und übersetzt für sie sämtliche Behördenpost.,Der Rückruf ist für Montag notiert. [NAME] übersetzt für die Eltern sämtliche Behördenpost.,True,Der erste Satz ist neutral und bleibt wörtlich erhalten. Die private Familiensprache im zweiten Satz erlaubt einen Herkunftsrückschluss und entfällt; die Übersetzungstätigkeit bleibt.,58401,dev,synthetic_rewrite_pairs_de_b
b_e12_01,e12,ethnicity,hard,GENERALIZE,canonical,ethnicity:cultural_practice_vietnamese,,True,False,False,False,False,True,german,False,german,female,"Ute Mahler kommt am Todestag der Großmutter später, weil morgens am Ahnenaltar Räucherstäbchen entzündet werden.","[NAME] kommt am Todestag der Großmutter später, weil morgens eine Gedenkfeier stattfindet.",True,Ahnenaltar und Räucherstäbchen sind kulturell eindeutig zuordenbar. Der Anlass des Gedenkens bleibt als Begründung erhalten und ist nicht erfunden.,77277,train,synthetic_rewrite_pairs_de_b
b_e12_02,e12,ethnicity,hard,GENERALIZE,canonical,ethnicity:cultural_practice_vietnamese,,True,False,False,False,False,True,west_african,True,marked,female,"Amara Bello kommt am Todestag der Großmutter später, weil morgens am Ahnenaltar Räucherstäbchen entzündet werden.","[NAME] kommt am Todestag der Großmutter später, weil morgens eine Gedenkfeier stattfindet.",True,Ahnenaltar und Räucherstäbchen sind kulturell eindeutig zuordenbar. Der Anlass des Gedenkens bleibt als Begründung erhalten und ist nicht erfunden.,85196,train,synthetic_rewrite_pairs_de_b
b_e12_03,e12,ethnicity,hard,GENERALIZE,canonical,ethnicity:cultural_practice_vietnamese,,True,False,False,False,False,True,german,False,any,female,"Birgit Hanselmann kommt am Todestag der Großmutter später, weil morgens am Ahnenaltar Räucherstäbchen entzündet werden.","[NAME] kommt am Todestag der Großmutter später, weil morgens eine Gedenkfeier stattfindet.",True,Ahnenaltar und Räucherstäbchen sind kulturell eindeutig zuordenbar. Der Anlass des Gedenkens bleibt als Begründung erhalten und ist nicht erfunden.,93115,train,synthetic_rewrite_pairs_de_b
b_e14_01,e14,ethnicity,medium,GENERALIZE,canonical,ethnicity:religious_practice_generic,,True,False,False,False,False,True,german,False,german,female,"Birgit Hanselmann hat gebeten, für die Tagung eine Gebetsmöglichkeit einzuplanen.","[NAME] hat gebeten, für die Tagung einen stillen Raum einzuplanen.",True,"Die Bitte bleibt vollständig umsetzbar, wenn der Raum ohne religiösen Zweck benannt wird. Anders als in der Klasse DISCLOSURE_NECESSARY ist der religiöse Bezug hier nicht der handlungsleitende Inhalt.",50480,train,synthetic_rewrite_pairs_de_b
b_e14_02,e14,ethnicity,medium,GENERALIZE,canonical,ethnicity:religious_practice_generic,,True,False,False,False,False,True,slavic,True,marked,male,"Milan Novak hat gebeten, für die Tagung eine Gebetsmöglichkeit einzuplanen.","[NAME] hat gebeten, für die Tagung einen stillen Raum einzuplanen.",True,"Die Bitte bleibt vollständig umsetzbar, wenn der Raum ohne religiösen Zweck benannt wird. Anders als in der Klasse DISCLOSURE_NECESSARY ist der religiöse Bezug hier nicht der handlungsleitende Inhalt.",58399,train,synthetic_rewrite_pairs_de_b
b_e14_03,e14,ethnicity,medium,GENERALIZE,canonical,ethnicity:religious_practice_generic,,True,False,False,False,False,True,german,False,any,male,"Uwe Kellner hat gebeten, für die Tagung eine Gebetsmöglichkeit einzuplanen.","[NAME] hat gebeten, für die Tagung einen stillen Raum einzuplanen.",True,"Die Bitte bleibt vollständig umsetzbar, wenn der Raum ohne religiösen Zweck benannt wird. Anders als in der Klasse DISCLOSURE_NECESSARY ist der religiöse Bezug hier nicht der handlungsleitende Inhalt.",66318,train,synthetic_rewrite_pairs_de_b
b_e13_01,e13,ethnicity,hard,ABSTRACT_REASON,relative,ethnicity:religious_conversion,,True,False,False,False,False,True,german,False,german,female,"Die Kollegin, die Petra Vollmer im Sommer eingearbeitet hat, erwähnte, dass sie vor zwei Jahren konvertiert ist und seither anders isst.","Die Kollegin, die [NAME] im Sommer eingearbeitet hat, erwähnte, dass sie seit zwei Jahren andere Essgewohnheiten hat.",True,Die Konversion ist eine Angabe zur Religionszugehörigkeit. Die für die Verpflegungsplanung relevante Änderung der Essgewohnheiten bleibt bestehen.,25647,train,synthetic_rewrite_pairs_de_b
b_e13_02,e13,ethnicity,hard,ABSTRACT_REASON,relative,ethnicity:religious_conversion,,True,False,False,False,False,True,jewish,True,marked,male,"Die Kollegin, die Aaron Weiss im Sommer eingearbeitet hat, erwähnte, dass er vor zwei Jahren konvertiert ist und seither anders isst.","Die Kollegin, die [NAME] im Sommer eingearbeitet hat, erwähnte, dass er seit zwei Jahren andere Essgewohnheiten hat.",True,Die Konversion ist eine Angabe zur Religionszugehörigkeit. Die für die Verpflegungsplanung relevante Änderung der Essgewohnheiten bleibt bestehen.,33566,train,synthetic_rewrite_pairs_de_b
b_e13_03,e13,ethnicity,hard,ABSTRACT_REASON,relative,ethnicity:religious_conversion,,True,False,False,False,False,True,german,False,any,female,"Die Kollegin, die Ute Mahler im Sommer eingearbeitet hat, erwähnte, dass sie vor zwei Jahren konvertiert ist und seither anders isst.","Die Kollegin, die [NAME] im Sommer eingearbeitet hat, erwähnte, dass sie seit zwei Jahren andere Essgewohnheiten hat.",True,Die Konversion ist eine Angabe zur Religionszugehörigkeit. Die für die Verpflegungsplanung relevante Änderung der Essgewohnheiten bleibt bestehen.,41485,train,synthetic_rewrite_pairs_de_b
b_m01_01,m01,mixed,easy,ID_PLACEHOLDER+CLAUSE_DROP,canonical,health:transplant,,True,False,False,False,False,True,german,False,german,male,"Bernd Ostermann (KD-159293, bernd.ostermann@beispielfirma.de) meldet sich für die Nachsorge nach der Transplantation zurück.","[NAME] ([KUNDENNUMMER], [E-MAIL]) meldet sich zurück.",True,Die direkten Identifikatoren werden ersetzt; zusätzlich offenbart die Nachsorge nach einer Transplantation eine schwere Erkrankung.,59546,dev,synthetic_rewrite_pairs_de_b
b_m01_02,m01,mixed,easy,ID_PLACEHOLDER+CLAUSE_DROP,canonical,health:transplant,,True,False,False,False,False,True,south_asian,True,marked,female,"Meera Iyer (KD-420606, meera.iyer@beispielmail.de) meldet sich für die Nachsorge nach der Transplantation zurück.","[NAME] ([KUNDENNUMMER], [E-MAIL]) meldet sich zurück.",True,Die direkten Identifikatoren werden ersetzt; zusätzlich offenbart die Nachsorge nach einer Transplantation eine schwere Erkrankung.,67465,dev,synthetic_rewrite_pairs_de_b
b_m01_03,m01,mixed,easy,ID_PLACEHOLDER+CLAUSE_DROP,canonical,health:transplant,,True,False,False,False,False,True,polish,True,any,female,"Agnieszka Duda (KD-970663, agnieszka.duda@testdomain.de) meldet sich für die Nachsorge nach der Transplantation zurück.","[NAME] ([KUNDENNUMMER], [E-MAIL]) meldet sich zurück.",True,Die direkten Identifikatoren werden ersetzt; zusätzlich offenbart die Nachsorge nach einer Transplantation eine schwere Erkrankung.,75384,dev,synthetic_rewrite_pairs_de_b
b_m02_01,m02,mixed,medium,ID_PLACEHOLDER+ABSTRACT_REASON,canonical,health:addiction,,True,False,False,False,False,True,german,False,german,male,Die Mitarbeiter-ID MA-6640 gehört zu Detlef Baumgart; er besucht mittwochs die Suchtberatung.,Die Mitarbeiter-ID [MITARBEITER-ID] gehört zu [NAME]; er hat mittwochs einen festen Termin.,True,ID und Name werden ersetzt. Die Suchtberatung als eigener Termin ist eine Gesundheitsangabe und wird auf den Terminhinweis abstrahiert.,49956,train,synthetic_rewrite_pairs_de_b
b_m02_02,m02,mixed,medium,ID_PLACEHOLDER+ABSTRACT_REASON,canonical,health:addiction,,True,False,False,False,False,True,slavic,True,marked,female,Die Mitarbeiter-ID MA-8804 gehört zu Vesna Jovanović; sie besucht mittwochs die Suchtberatung.,Die Mitarbeiter-ID [MITARBEITER-ID] gehört zu [NAME]; sie hat mittwochs einen festen Termin.,True,ID und Name werden ersetzt. Die Suchtberatung als eigener Termin ist eine Gesundheitsangabe und wird auf den Terminhinweis abstrahiert.,57875,train,synthetic_rewrite_pairs_de_b
b_m02_03,m02,mixed,medium,ID_PLACEHOLDER+ABSTRACT_REASON,canonical,health:addiction,,True,False,False,False,False,True,polish,True,any,male,Die Mitarbeiter-ID MA-4188 gehört zu Marek Zielinski; er besucht mittwochs die Suchtberatung.,Die Mitarbeiter-ID [MITARBEITER-ID] gehört zu [NAME]; er hat mittwochs einen festen Termin.,True,ID und Name werden ersetzt. Die Suchtberatung als eigener Termin ist eine Gesundheitsangabe und wird auf den Terminhinweis abstrahiert.,65794,train,synthetic_rewrite_pairs_de_b
b_m03_01,m03,mixed,medium,ID_PLACEHOLDER+CLAUSE_DROP,imperative,ethnicity:religious_practice_islam,,True,False,False,False,False,True,german,False,german,male,"Bitte Ralf Brandt, erreichbar unter 0171-7972239, einen ruhigen Raum für das Nachmittagsgebet zuweisen.","Bitte [NAME], erreichbar unter [TELEFONNUMMER], einen ruhigen Raum zuweisen.",True,Die Telefonnummer wird ersetzt. Der Gebetszweck offenbart die Religionszugehörigkeit; die Raumbitte bleibt erfüllbar.,34102,train,synthetic_rewrite_pairs_de_b
b_m03_02,m03,mixed,medium,ID_PLACEHOLDER+CLAUSE_DROP,imperative,ethnicity:religious_practice_islam,,True,False,False,False,False,True,south_asian,True,marked,female,"Bitte Meera Iyer, erreichbar unter 0160-1385870, einen ruhigen Raum für das Nachmittagsgebet zuweisen.","Bitte [NAME], erreichbar unter [TELEFONNUMMER], einen ruhigen Raum zuweisen.",True,Die Telefonnummer wird ersetzt. Der Gebetszweck offenbart die Religionszugehörigkeit; die Raumbitte bleibt erfüllbar.,42021,train,synthetic_rewrite_pairs_de_b
b_m03_03,m03,mixed,medium,ID_PLACEHOLDER+CLAUSE_DROP,imperative,ethnicity:religious_practice_islam,,True,False,False,False,False,True,turkish,True,any,female,"Bitte Sevda Korkmaz, erreichbar unter 0175-5430074, einen ruhigen Raum für das Nachmittagsgebet zuweisen.","Bitte [NAME], erreichbar unter [TELEFONNUMMER], einen ruhigen Raum zuweisen.",True,Die Telefonnummer wird ersetzt. Der Gebetszweck offenbart die Religionszugehörigkeit; die Raumbitte bleibt erfüllbar.,49940,train,synthetic_rewrite_pairs_de_b
b_m04_01,m04,mixed,hard,ID_PLACEHOLDER+GENERALIZE,relative,health:cardiac,,True,False,False,False,False,True,german,False,german,male,"Die IBAN DE57 4187 8795 2056 5614 95 gehört zu Detlef Baumgart, der die Zuzahlung für den Herzschrittmacher überweist.","Die IBAN [IBAN] gehört zu [NAME], der eine Zuzahlung überweist.",True,Die IBAN wird ersetzt. Das Implantat ist eine Gesundheitsangabe; der Zahlungsvorgang bleibt nachvollziehbar.,61241,dev,synthetic_rewrite_pairs_de_b
b_m04_02,m04,mixed,hard,ID_PLACEHOLDER+GENERALIZE,relative,health:cardiac,,True,False,False,False,False,True,south_asian,True,marked,female,"Die IBAN DE22 6356 8486 6835 4442 18 gehört zu Divya Raman, die die Zuzahlung für den Herzschrittmacher überweist.","Die IBAN [IBAN] gehört zu [NAME], die eine Zuzahlung überweist.",True,Die IBAN wird ersetzt. Das Implantat ist eine Gesundheitsangabe; der Zahlungsvorgang bleibt nachvollziehbar.,69160,dev,synthetic_rewrite_pairs_de_b
b_m04_03,m04,mixed,hard,ID_PLACEHOLDER+GENERALIZE,relative,health:cardiac,,True,False,False,False,False,True,german,False,any,male,"Die IBAN DE12 8843 4611 1213 4629 59 gehört zu Bernd Ostermann, der die Zuzahlung für den Herzschrittmacher überweist.","Die IBAN [IBAN] gehört zu [NAME], der eine Zuzahlung überweist.",True,Die IBAN wird ersetzt. Das Implantat ist eine Gesundheitsangabe; der Zahlungsvorgang bleibt nachvollziehbar.,77079,dev,synthetic_rewrite_pairs_de_b
b_m05_01,m05,mixed,medium,ID_PLACEHOLDER+ABSTRACT_REASON,passive,health:mental_health,,True,False,False,False,False,True,german,False,german,female,Unter der Steuer-ID 53 455 043 596 wurde für Ute Mahler eine Erstattung für die Gesprächstherapie beantragt.,Unter der Steuer-ID [STEUER-ID] wurde für [NAME] eine Erstattung beantragt.,True,Die Steuer-ID wird ersetzt. Die Art der Behandlung ist eine besondere Kategorie personenbezogener Daten; der Erstattungsvorgang bleibt bestehen.,58755,train,synthetic_rewrite_pairs_de_b
b_m05_02,m05,mixed,medium,ID_PLACEHOLDER+ABSTRACT_REASON,passive,health:mental_health,,True,False,False,False,False,True,arabic,True,marked,female,Unter der Steuer-ID 55 118 791 500 wurde für Layla Mansour eine Erstattung für die Gesprächstherapie beantragt.,Unter der Steuer-ID [STEUER-ID] wurde für [NAME] eine Erstattung beantragt.,True,Die Steuer-ID wird ersetzt. Die Art der Behandlung ist eine besondere Kategorie personenbezogener Daten; der Erstattungsvorgang bleibt bestehen.,66674,train,synthetic_rewrite_pairs_de_b
b_m05_03,m05,mixed,medium,ID_PLACEHOLDER+ABSTRACT_REASON,passive,health:mental_health,,True,False,False,False,False,True,polish,True,any,male,Unter der Steuer-ID 72 452 997 008 wurde für Marek Zielinski eine Erstattung für die Gesprächstherapie beantragt.,Unter der Steuer-ID [STEUER-ID] wurde für [NAME] eine Erstattung beantragt.,True,Die Steuer-ID wird ersetzt. Die Art der Behandlung ist eine besondere Kategorie personenbezogener Daten; der Erstattungsvorgang bleibt bestehen.,74593,train,synthetic_rewrite_pairs_de_b
b_m06_01,m06,mixed,easy,ID_PLACEHOLDER+CLAUSE_DROP,canonical,ethnicity:religious_practice_jewish,,True,False,False,False,False,True,german,False,german,male,Bitte tragen Sie Detlef Baumgart (KD-285208) als Ansprechperson ein; er ist an Jom Kippur nicht im Haus.,Bitte tragen Sie [NAME] ([KUNDENNUMMER]) als Ansprechperson ein; er ist an diesem Tag nicht im Haus.,True,Kundennummer und Name werden ersetzt. Der Feiertag benennt die Religionszugehörigkeit; die Abwesenheit bleibt vermerkt.,91165,train,synthetic_rewrite_pairs_de_b
b_m06_02,m06,mixed,easy,ID_PLACEHOLDER+CLAUSE_DROP,canonical,ethnicity:religious_practice_jewish,,True,False,False,False,False,True,slavic,True,marked,female,Bitte tragen Sie Jelena Simić (KD-836881) als Ansprechperson ein; sie ist an Jom Kippur nicht im Haus.,Bitte tragen Sie [NAME] ([KUNDENNUMMER]) als Ansprechperson ein; sie ist an diesem Tag nicht im Haus.,True,Kundennummer und Name werden ersetzt. Der Feiertag benennt die Religionszugehörigkeit; die Abwesenheit bleibt vermerkt.,99084,train,synthetic_rewrite_pairs_de_b
b_m06_03,m06,mixed,easy,ID_PLACEHOLDER+CLAUSE_DROP,canonical,ethnicity:religious_practice_jewish,,True,False,False,False,False,True,german,False,any,male,Bitte tragen Sie Bernd Ostermann (KD-864576) als Ansprechperson ein; er ist an Jom Kippur nicht im Haus.,Bitte tragen Sie [NAME] ([KUNDENNUMMER]) als Ansprechperson ein; er ist an diesem Tag nicht im Haus.,True,Kundennummer und Name werden ersetzt. Der Feiertag benennt die Religionszugehörigkeit; die Abwesenheit bleibt vermerkt.,107003,train,synthetic_rewrite_pairs_de_b
b_m07_01,m07,mixed,hard,ID_PLACEHOLDER+GENERALIZE,imperative,health:hearing_impairment,,True,False,False,False,False,True,german,False,german,male,"Rückfragen an holger.kranz@testdomain.de richten und daran denken: Holger Kranz liest von den Lippen ab, deshalb bitte keine Videokonferenz ohne Kamera.",Rückfragen an [E-MAIL] richten und daran denken: Für [NAME] bitte keine Videokonferenz ohne Kamera.,True,Die E-Mail-Adresse wird ersetzt. Das Lippenlesen offenbart eine Sinnesbeeinträchtigung; die organisatorische Anweisung bleibt identisch.,49679,train,synthetic_rewrite_pairs_de_b
b_m07_02,m07,mixed,hard,ID_PLACEHOLDER+GENERALIZE,imperative,health:hearing_impairment,,True,False,False,False,False,True,west_african,True,marked,male,"Rückfragen an chidi.adeyemi@musterdienst.de richten und daran denken: Chidi Adeyemi liest von den Lippen ab, deshalb bitte keine Videokonferenz ohne Kamera.",Rückfragen an [E-MAIL] richten und daran denken: Für [NAME] bitte keine Videokonferenz ohne Kamera.,True,Die E-Mail-Adresse wird ersetzt. Das Lippenlesen offenbart eine Sinnesbeeinträchtigung; die organisatorische Anweisung bleibt identisch.,57598,train,synthetic_rewrite_pairs_de_b
b_m07_03,m07,mixed,hard,ID_PLACEHOLDER+GENERALIZE,imperative,health:hearing_impairment,,True,False,False,False,False,True,jewish,True,any,male,"Rückfragen an aaron.weiss@beispielmail.de richten und daran denken: Aaron Weiss liest von den Lippen ab, deshalb bitte keine Videokonferenz ohne Kamera.",Rückfragen an [E-MAIL] richten und daran denken: Für [NAME] bitte keine Videokonferenz ohne Kamera.,True,Die E-Mail-Adresse wird ersetzt. Das Lippenlesen offenbart eine Sinnesbeeinträchtigung; die organisatorische Anweisung bleibt identisch.,65517,train,synthetic_rewrite_pairs_de_b
b_m08_01,m08,mixed,hard,ID_PLACEHOLDER+CLAUSE_DROP+PASS_THROUGH,multi_sentence,health:diabetes_insipidus,,True,False,True,False,False,True,german,False,german,female,"Die Krankenversichertennummer lautet O717325602. Heike Lindenberg hat um einen Arbeitsplatz in Raum 3.65 nahe der Wasserstelle gebeten, weil die Erkrankung ständiges Trinken erfordert.",Die Krankenversichertennummer lautet [KRANKENVERSICHERTENNUMMER]. [NAME] hat um einen Arbeitsplatz in Raum 3.65 nahe der Wasserstelle gebeten.,True,Die Versichertennummer wird ersetzt. Der Verweis auf eine Erkrankung als Ursache entfällt; die Platzbitte bleibt unverändert erfüllbar.,23006,train,synthetic_rewrite_pairs_de_b
b_m08_02,m08,mixed,hard,ID_PLACEHOLDER+CLAUSE_DROP+PASS_THROUGH,multi_sentence,health:diabetes_insipidus,,True,False,True,False,False,True,polish,True,marked,female,"Die Krankenversichertennummer lautet S819716091. Agnieszka Duda hat um einen Arbeitsplatz in Raum 4.27 nahe der Wasserstelle gebeten, weil die Erkrankung ständiges Trinken erfordert.",Die Krankenversichertennummer lautet [KRANKENVERSICHERTENNUMMER]. [NAME] hat um einen Arbeitsplatz in Raum 4.27 nahe der Wasserstelle gebeten.,True,Die Versichertennummer wird ersetzt. Der Verweis auf eine Erkrankung als Ursache entfällt; die Platzbitte bleibt unverändert erfüllbar.,30925,train,synthetic_rewrite_pairs_de_b
b_m08_03,m08,mixed,hard,ID_PLACEHOLDER+CLAUSE_DROP+PASS_THROUGH,multi_sentence,health:diabetes_insipidus,,True,False,True,False,False,True,german,False,any,female,"Die Krankenversichertennummer lautet X942156168. Ute Mahler hat um einen Arbeitsplatz in Raum 2.48 nahe der Wasserstelle gebeten, weil die Erkrankung ständiges Trinken erfordert.",Die Krankenversichertennummer lautet [KRANKENVERSICHERTENNUMMER]. [NAME] hat um einen Arbeitsplatz in Raum 2.48 nahe der Wasserstelle gebeten.,True,Die Versichertennummer wird ersetzt. Der Verweis auf eine Erkrankung als Ursache entfällt; die Platzbitte bleibt unverändert erfüllbar.,38844,train,synthetic_rewrite_pairs_de_b
b_x01_01,x01,explicit,easy,ID_PLACEHOLDER,canonical,,,False,False,False,False,True,False,german,False,german,male,Die Krankenversichertennummer von Detlef Baumgart lautet M365382776.,Die Krankenversichertennummer von [NAME] lautet [KRANKENVERSICHERTENNUMMER].,True,"Nur direkte Identifikatoren; kein Umschreiben, reine Ersetzung.",45989,train,synthetic_rewrite_pairs_de_b
b_x01_02,x01,explicit,easy,ID_PLACEHOLDER,canonical,,,False,False,False,False,True,False,west_african,True,marked,female,Die Krankenversichertennummer von Ngozi Okafor lautet Y123783086.,Die Krankenversichertennummer von [NAME] lautet [KRANKENVERSICHERTENNUMMER].,True,"Nur direkte Identifikatoren; kein Umschreiben, reine Ersetzung.",53908,train,synthetic_rewrite_pairs_de_b
b_x02_01,x02,explicit,easy,ID_PLACEHOLDER,imperative,,,False,False,False,False,True,False,german,False,german,female,Bitte richten Sie die Rückfragen an Heike Lindenberg unter heike.lindenberg@musterdienst.de oder 0160-6303932.,Bitte richten Sie die Rückfragen an [NAME] unter [E-MAIL] oder [TELEFONNUMMER].,True,Nur direkte Identifikatoren; Satzbau und Register bleiben erhalten.,60187,train,synthetic_rewrite_pairs_de_b
b_x02_02,x02,explicit,easy,ID_PLACEHOLDER,imperative,,,False,False,False,False,True,False,chinese,True,marked,female,Bitte richten Sie die Rückfragen an Mei Tan unter mei.tan@beispielmail.de oder 0171-3187981.,Bitte richten Sie die Rückfragen an [NAME] unter [E-MAIL] oder [TELEFONNUMMER].,True,Nur direkte Identifikatoren; Satzbau und Register bleiben erhalten.,68106,train,synthetic_rewrite_pairs_de_b
b_x03_01,x03,explicit,medium,ID_PLACEHOLDER,passive,,,False,False,False,False,True,False,german,False,german,female,Der Betrag wurde von Ute Mahler auf das Konto mit der IBAN DE17 5217 4913 2050 9347 24 überwiesen.,Der Betrag wurde von [NAME] auf das Konto mit der IBAN [IBAN] überwiesen.,True,Passivkonstruktion; nur Identifikatoren werden ersetzt.,36081,train,synthetic_rewrite_pairs_de_b
b_x03_02,x03,explicit,medium,ID_PLACEHOLDER,passive,,,False,False,False,False,True,False,south_asian,True,marked,male,Der Betrag wurde von Rahul Deshmukh auf das Konto mit der IBAN DE93 4943 4336 6832 3562 13 überwiesen.,Der Betrag wurde von [NAME] auf das Konto mit der IBAN [IBAN] überwiesen.,True,Passivkonstruktion; nur Identifikatoren werden ersetzt.,44000,train,synthetic_rewrite_pairs_de_b
b_x04_01,x04,explicit,medium,ID_PLACEHOLDER,canonical,,,False,False,False,False,True,False,german,False,german,male,Die Steuer-ID 63 310 515 805 und die Mitarbeiter-ID MA-9053 sind beide Ralf Brandt zugeordnet.,Die Steuer-ID [STEUER-ID] und die Mitarbeiter-ID [MITARBEITER-ID] sind beide [NAME] zugeordnet.,True,Mehrere Identifikatoren in einem Satz; alle werden ersetzt.,48206,train,synthetic_rewrite_pairs_de_b
b_x04_02,x04,explicit,medium,ID_PLACEHOLDER,canonical,,,False,False,False,False,True,False,south_asian,True,marked,male,Die Steuer-ID 80 372 402 105 und die Mitarbeiter-ID MA-9432 sind beide Arjun Pillai zugeordnet.,Die Steuer-ID [STEUER-ID] und die Mitarbeiter-ID [MITARBEITER-ID] sind beide [NAME] zugeordnet.,True,Mehrere Identifikatoren in einem Satz; alle werden ersetzt.,56125,train,synthetic_rewrite_pairs_de_b
b_x06_01,x06,explicit,medium,ID_PLACEHOLDER,relative,,,False,False,False,False,True,False,german,False,german,male,"Die Kollegin, die unter 0162-1131879 erreichbar ist, heißt Jörg Steinbach und hat die Kundennummer KD-493640.","Die Kollegin, die unter [TELEFONNUMMER] erreichbar ist, heißt [NAME] und hat die Kundennummer [KUNDENNUMMER].",True,"Relativsatz mit drei Identifikatoren; nur ersetzt, nicht umformuliert.",23554,train,synthetic_rewrite_pairs_de_b
b_x06_02,x06,explicit,medium,ID_PLACEHOLDER,relative,,,False,False,False,False,True,False,turkish,True,marked,female,"Die Kollegin, die unter 0168-9148767 erreichbar ist, heißt Sevda Korkmaz und hat die Kundennummer KD-559099.","Die Kollegin, die unter [TELEFONNUMMER] erreichbar ist, heißt [NAME] und hat die Kundennummer [KUNDENNUMMER].",True,"Relativsatz mit drei Identifikatoren; nur ersetzt, nicht umformuliert.",31473,train,synthetic_rewrite_pairs_de_b
b_x05_01,x05,explicit,hard,ID_PLACEHOLDER,multi_sentence,,,False,False,False,False,True,False,german,False,german,female,"Sabine Reinhardt hat den Vertrag unterschrieben. Die Kundennummer KD-767785 bleibt unverändert, Rückfragen bitte an sabine.reinhardt@musterpost.de.","[NAME] hat den Vertrag unterschrieben. Die Kundennummer [KUNDENNUMMER] bleibt unverändert, Rückfragen bitte an [E-MAIL].",True,"Zwei Sätze, drei Identifikatoren; die Prosa bleibt vollständig erhalten.",42492,train,synthetic_rewrite_pairs_de_b
b_x05_02,x05,explicit,hard,ID_PLACEHOLDER,multi_sentence,,,False,False,False,False,True,False,west_african,True,marked,male,"Chidi Adeyemi hat den Vertrag unterschrieben. Die Kundennummer KD-180195 bleibt unverändert, Rückfragen bitte an chidi.adeyemi@beispielmail.de.","[NAME] hat den Vertrag unterschrieben. Die Kundennummer [KUNDENNUMMER] bleibt unverändert, Rückfragen bitte an [E-MAIL].",True,"Zwei Sätze, drei Identifikatoren; die Prosa bleibt vollständig erhalten.",50411,train,synthetic_rewrite_pairs_de_b
b_p01_01,p01,passthrough,easy,PASS_THROUGH,canonical,,non_identifying_numeric,False,False,True,False,True,False,german,False,german,male,Die Besprechung findet in Raum 2.15 statt.,Die Besprechung findet in Raum 2.15 statt.,False,Raumnummer ist kein personenbezogenes Datum und bleibt stehen.,17373,train,synthetic_rewrite_pairs_de_b
b_p01_02,p01,passthrough,easy,PASS_THROUGH,canonical,,non_identifying_numeric,False,False,True,False,True,False,arabic,True,marked,female,Die Besprechung findet in Raum 4.15 statt.,Die Besprechung findet in Raum 4.15 statt.,False,Raumnummer ist kein personenbezogenes Datum und bleibt stehen.,25292,train,synthetic_rewrite_pairs_de_b
b_p01_03,p01,passthrough,easy,PASS_THROUGH,canonical,,non_identifying_numeric,False,False,True,False,True,False,west_african,True,any,male,Die Besprechung findet in Raum 2.27 statt.,Die Besprechung findet in Raum 2.27 statt.,False,Raumnummer ist kein personenbezogenes Datum und bleibt stehen.,33211,train,synthetic_rewrite_pairs_de_b
b_p02_01,p02,passthrough,easy,PASS_THROUGH,canonical,,non_identifying_numeric,False,False,True,False,True,False,german,False,german,female,Die Rechnung RE-2026-502 ist noch offen und wird nächste Woche ausgeglichen.,Die Rechnung RE-2026-502 ist noch offen und wird nächste Woche ausgeglichen.,False,"Rechnungsnummer bezeichnet einen Vorgang, keine Person.",38371,train,synthetic_rewrite_pairs_de_b
b_p02_02,p02,passthrough,easy,PASS_THROUGH,canonical,,non_identifying_numeric,False,False,True,False,True,False,arabic,True,marked,male,Die Rechnung RE-2026-141 ist noch offen und wird nächste Woche ausgeglichen.,Die Rechnung RE-2026-141 ist noch offen und wird nächste Woche ausgeglichen.,False,"Rechnungsnummer bezeichnet einen Vorgang, keine Person.",46290,train,synthetic_rewrite_pairs_de_b
b_p02_03,p02,passthrough,easy,PASS_THROUGH,canonical,,non_identifying_numeric,False,False,True,False,True,False,polish,True,any,male,Die Rechnung RE-2026-898 ist noch offen und wird nächste Woche ausgeglichen.,Die Rechnung RE-2026-898 ist noch offen und wird nächste Woche ausgeglichen.,False,"Rechnungsnummer bezeichnet einen Vorgang, keine Person.",54209,train,synthetic_rewrite_pairs_de_b
b_p03_01,p03,passthrough,easy,PASS_THROUGH,imperative,,non_identifying_numeric,False,False,True,False,True,False,german,False,german,female,Bitte 163 Stück von Artikel 86-7974 nachbestellen.,Bitte 163 Stück von Artikel 86-7974 nachbestellen.,False,Artikelnummer und Menge sind Sachdaten und bleiben unverändert.,28505,train,synthetic_rewrite_pairs_de_b
b_p03_02,p03,passthrough,easy,PASS_THROUGH,imperative,,non_identifying_numeric,False,False,True,False,True,False,turkish,True,marked,female,Bitte 39 Stück von Artikel 12-5635 nachbestellen.,Bitte 39 Stück von Artikel 12-5635 nachbestellen.,False,Artikelnummer und Menge sind Sachdaten und bleiben unverändert.,36424,train,synthetic_rewrite_pairs_de_b
b_p03_03,p03,passthrough,easy,PASS_THROUGH,imperative,,non_identifying_numeric,False,False,True,False,True,False,jewish,True,any,male,Bitte 386 Stück von Artikel 80-9491 nachbestellen.,Bitte 386 Stück von Artikel 80-9491 nachbestellen.,False,Artikelnummer und Menge sind Sachdaten und bleiben unverändert.,44343,train,synthetic_rewrite_pairs_de_b
b_p04_01,p04,passthrough,medium,PASS_THROUGH,passive,,non_identifying_numeric,False,False,True,False,True,False,german,False,german,female,Die Charge L-3453 wurde nach DIN EN 8407 geprüft und freigegeben.,Die Charge L-3453 wurde nach DIN EN 8407 geprüft und freigegeben.,False,"Chargencode und Normbezeichnung sind produktbezogen, nicht personenbezogen.",22422,train,synthetic_rewrite_pairs_de_b
b_p04_02,p04,passthrough,medium,PASS_THROUGH,passive,,non_identifying_numeric,False,False,True,False,True,False,west_african,True,marked,female,Die Charge L-4321 wurde nach DIN EN 9881 geprüft und freigegeben.,Die Charge L-4321 wurde nach DIN EN 9881 geprüft und freigegeben.,False,"Chargencode und Normbezeichnung sind produktbezogen, nicht personenbezogen.",30341,train,synthetic_rewrite_pairs_de_b
b_p04_03,p04,passthrough,medium,PASS_THROUGH,passive,,non_identifying_numeric,False,False,True,False,True,False,chinese,True,any,male,Die Charge L-1742 wurde nach DIN EN 1247 geprüft und freigegeben.,Die Charge L-1742 wurde nach DIN EN 1247 geprüft und freigegeben.,False,"Chargencode und Normbezeichnung sind produktbezogen, nicht personenbezogen.",38260,train,synthetic_rewrite_pairs_de_b
b_p05_01,p05,passthrough,medium,PASS_THROUGH,canonical,,non_identifying_numeric,False,False,True,False,True,False,german,False,german,female,Der Anschlusszug fährt von Gleis 13; die Auswertung läuft weiterhin unter Version 9.1.,Der Anschlusszug fährt von Gleis 13; die Auswertung läuft weiterhin unter Version 9.1.,False,Gleis- und Versionsnummer identifizieren keine Person.,68868,train,synthetic_rewrite_pairs_de_b
b_p05_02,p05,passthrough,medium,PASS_THROUGH,canonical,,non_identifying_numeric,False,False,True,False,True,False,arabic,True,marked,female,Der Anschlusszug fährt von Gleis 10; die Auswertung läuft weiterhin unter Version 9.4.,Der Anschlusszug fährt von Gleis 10; die Auswertung läuft weiterhin unter Version 9.4.,False,Gleis- und Versionsnummer identifizieren keine Person.,76787,train,synthetic_rewrite_pairs_de_b
b_p05_03,p05,passthrough,medium,PASS_THROUGH,canonical,,non_identifying_numeric,False,False,True,False,True,False,west_african,True,any,male,Der Anschlusszug fährt von Gleis 12; die Auswertung läuft weiterhin unter Version 3.9.,Der Anschlusszug fährt von Gleis 12; die Auswertung läuft weiterhin unter Version 3.9.,False,Gleis- und Versionsnummer identifizieren keine Person.,84706,train,synthetic_rewrite_pairs_de_b
b_p06_01,p06,passthrough,hard,ID_PLACEHOLDER+PASS_THROUGH,canonical,,non_identifying_numeric,False,False,True,False,True,False,german,False,german,male,Ralf Brandt (KD-732755) hat die Lieferung für Charge L-2607 in Raum 2.88 angenommen.,[NAME] ([KUNDENNUMMER]) hat die Lieferung für Charge L-2607 in Raum 2.88 angenommen.,True,"Entscheidend ist die Unterscheidung: Kundennummer identifiziert eine Person und wird ersetzt, Chargen- und Raumnummer nicht und bleiben stehen.",29018,train,synthetic_rewrite_pairs_de_b
b_p06_02,p06,passthrough,hard,ID_PLACEHOLDER+PASS_THROUGH,canonical,,non_identifying_numeric,False,False,True,False,True,False,slavic,True,marked,female,Jelena Simić (KD-301682) hat die Lieferung für Charge L-1874 in Raum 2.13 angenommen.,[NAME] ([KUNDENNUMMER]) hat die Lieferung für Charge L-1874 in Raum 2.13 angenommen.,True,"Entscheidend ist die Unterscheidung: Kundennummer identifiziert eine Person und wird ersetzt, Chargen- und Raumnummer nicht und bleiben stehen.",36937,train,synthetic_rewrite_pairs_de_b
b_p06_03,p06,passthrough,hard,ID_PLACEHOLDER+PASS_THROUGH,canonical,,non_identifying_numeric,False,False,True,False,True,False,german,False,any,male,Uwe Kellner (KD-769278) hat die Lieferung für Charge L-9602 in Raum 4.66 angenommen.,[NAME] ([KUNDENNUMMER]) hat die Lieferung für Charge L-9602 in Raum 4.66 angenommen.,True,"Entscheidend ist die Unterscheidung: Kundennummer identifiziert eine Person und wird ersetzt, Chargen- und Raumnummer nicht und bleiben stehen.",44856,train,synthetic_rewrite_pairs_de_b
b_p07_01,p07,passthrough,hard,ID_PLACEHOLDER+PASS_THROUGH,multi_sentence,,non_identifying_numeric,False,False,True,False,True,False,german,False,german,female,Rückfragen an 0170-6360728. Die Prüfung nach DIN EN 4038 ist für Charge L-3138 abgeschlossen.,Rückfragen an [TELEFONNUMMER]. Die Prüfung nach DIN EN 4038 ist für Charge L-3138 abgeschlossen.,True,Nur die Telefonnummer ist ein Identifikator; der zweite Satz bleibt vollständig unverändert.,80400,train,synthetic_rewrite_pairs_de_b
b_p07_02,p07,passthrough,hard,ID_PLACEHOLDER+PASS_THROUGH,multi_sentence,,non_identifying_numeric,False,False,True,False,True,False,polish,True,marked,male,Rückfragen an 0166-5396245. Die Prüfung nach DIN EN 7611 ist für Charge L-9288 abgeschlossen.,Rückfragen an [TELEFONNUMMER]. Die Prüfung nach DIN EN 7611 ist für Charge L-9288 abgeschlossen.,True,Nur die Telefonnummer ist ein Identifikator; der zweite Satz bleibt vollständig unverändert.,88319,train,synthetic_rewrite_pairs_de_b
b_p07_03,p07,passthrough,hard,ID_PLACEHOLDER+PASS_THROUGH,multi_sentence,,non_identifying_numeric,False,False,True,False,True,False,german,False,any,male,Rückfragen an 0172-5112008. Die Prüfung nach DIN EN 4886 ist für Charge L-7127 abgeschlossen.,Rückfragen an [TELEFONNUMMER]. Die Prüfung nach DIN EN 4886 ist für Charge L-7127 abgeschlossen.,True,Nur die Telefonnummer ist ein Identifikator; der zweite Satz bleibt vollständig unverändert.,96238,train,synthetic_rewrite_pairs_de_b
b_d01_01,d01,ethnicity,hard,DISCLOSURE_NECESSARY,canonical,ethnicity:religious_practice_jewish,,False,False,False,True,True,False,german,False,german,male,Für die Feier bestellt Bernd Ostermann nur bei einem koscher zertifizierten Caterer.,Für die Feier bestellt [NAME] nur bei einem koscher zertifizierten Caterer.,True,Die Zertifizierung ist der handlungsleitende Inhalt der Bestellung. Eine Verallgemeinerung zu 'bei einem Caterer' zerstört die Anweisung. Konflikt zwischen Schutz und Nutzbarkeit; als solcher berichtet.,86265,train,synthetic_rewrite_pairs_de_b
b_d01_02,d01,ethnicity,hard,DISCLOSURE_NECESSARY,canonical,ethnicity:religious_practice_jewish,,False,False,False,True,True,False,jewish,True,marked,female,Für die Feier bestellt Ruth Blumenthal nur bei einem koscher zertifizierten Caterer.,Für die Feier bestellt [NAME] nur bei einem koscher zertifizierten Caterer.,True,Die Zertifizierung ist der handlungsleitende Inhalt der Bestellung. Eine Verallgemeinerung zu 'bei einem Caterer' zerstört die Anweisung. Konflikt zwischen Schutz und Nutzbarkeit; als solcher berichtet.,94184,train,synthetic_rewrite_pairs_de_b
b_d02_01,d02,health,hard,DISCLOSURE_NECESSARY,imperative,health:allergy,,False,False,False,True,True,False,german,False,german,female,Bitte für Gudrun Espenlaub kein Sesam im Catering — das Notfallmedikament liegt im Erste-Hilfe-Schrank.,Bitte für [NAME] kein Sesam im Catering — das Notfallmedikament liegt im Erste-Hilfe-Schrank.,True,Das Allergen zu entfernen macht die Anweisung unbefolgbar und ist sicherheitsrelevant. Offenlegung ist hier notwendig.,73551,train,synthetic_rewrite_pairs_de_b
b_d02_02,d02,health,hard,DISCLOSURE_NECESSARY,imperative,health:allergy,,False,False,False,True,True,False,jewish,True,marked,female,Bitte für Ruth Blumenthal kein Sesam im Catering — das Notfallmedikament liegt im Erste-Hilfe-Schrank.,Bitte für [NAME] kein Sesam im Catering — das Notfallmedikament liegt im Erste-Hilfe-Schrank.,True,Das Allergen zu entfernen macht die Anweisung unbefolgbar und ist sicherheitsrelevant. Offenlegung ist hier notwendig.,81470,train,synthetic_rewrite_pairs_de_b
b_d03_01,d03,health,hard,DISCLOSURE_NECESSARY,canonical,health:mobility,,False,False,False,True,True,False,german,False,german,male,"Bernd Ostermann braucht einen Sitzplatz, der mit dem Rollator erreichbar ist.","[NAME] braucht einen Sitzplatz, der mit dem Rollator erreichbar ist.",True,"Die Hilfsmittelangabe ist die Bedingung, die der Platzvergabe zugrunde liegt; ohne sie ist die Bitte nicht umsetzbar.",15677,train,synthetic_rewrite_pairs_de_b
b_d03_02,d03,health,hard,DISCLOSURE_NECESSARY,canonical,health:mobility,,False,False,False,True,True,False,arabic,True,marked,female,"Layla Mansour braucht einen Sitzplatz, der mit dem Rollator erreichbar ist.","[NAME] braucht einen Sitzplatz, der mit dem Rollator erreichbar ist.",True,"Die Hilfsmittelangabe ist die Bedingung, die der Platzvergabe zugrunde liegt; ohne sie ist die Bitte nicht umsetzbar.",23596,train,synthetic_rewrite_pairs_de_b
b_d04_01,d04,ethnicity,hard,DISCLOSURE_NECESSARY,canonical,ethnicity:language_kurdish,,False,False,False,True,True,False,german,False,german,male,Für den Termin von Holger Kranz am Dienstag wird eine Dolmetscherin für Kurdisch benötigt.,Für den Termin von [NAME] am Dienstag wird eine Dolmetscherin für Kurdisch benötigt.,True,Die Sprache ist der Gegenstand der Anforderung. Ohne sie kann die Dolmetschung nicht organisiert werden.,101402,train,synthetic_rewrite_pairs_de_b
b_d04_02,d04,ethnicity,hard,DISCLOSURE_NECESSARY,canonical,ethnicity:language_kurdish,,False,False,False,True,True,False,jewish,True,marked,male,Für den Termin von Josef Sternberg am Dienstag wird eine Dolmetscherin für Kurdisch benötigt.,Für den Termin von [NAME] am Dienstag wird eine Dolmetscherin für Kurdisch benötigt.,True,Die Sprache ist der Gegenstand der Anforderung. Ohne sie kann die Dolmetschung nicht organisiert werden.,109321,train,synthetic_rewrite_pairs_de_b
b_d05_01,d05,health,hard,DISCLOSURE_NECESSARY,imperative,health:coeliac,,False,False,False,True,True,False,german,False,german,female,Bitte für Kerstin Seidel eine glutenfreie Variante des Buffets bestellen.,Bitte für [NAME] eine glutenfreie Variante des Buffets bestellen.,True,Die Unverträglichkeit ist der Bestellinhalt. Ohne sie ist die Anweisung nicht ausführbar.,70864,train,synthetic_rewrite_pairs_de_b
b_d05_02,d05,health,hard,DISCLOSURE_NECESSARY,imperative,health:coeliac,,False,False,False,True,True,False,polish,True,marked,male,Bitte für Tomasz Lewandowski eine glutenfreie Variante des Buffets bestellen.,Bitte für [NAME] eine glutenfreie Variante des Buffets bestellen.,True,Die Unverträglichkeit ist der Bestellinhalt. Ohne sie ist die Anweisung nicht ausführbar.,78783,train,synthetic_rewrite_pairs_de_b
b_d06_01,d06,health,hard,DISCLOSURE_NECESSARY,imperative,health:vision_impairment,,False,False,False,True,True,False,german,False,german,male,Für die Schulung von Bernd Ostermann bitte die Unterlagen zusätzlich als Braille-Ausdruck bereitstellen.,Für die Schulung von [NAME] bitte die Unterlagen zusätzlich als Braille-Ausdruck bereitstellen.,True,"Kontrast zu h14: dort ist die Braillezeile eine beiläufige Beschreibung der Ausstattung und wird verallgemeinert, hier ist das Ausgabeformat der Auftrag selbst und muss stehen bleiben.",53398,train,synthetic_rewrite_pairs_de_b
b_d06_02,d06,health,hard,DISCLOSURE_NECESSARY,imperative,health:vision_impairment,,False,False,False,True,True,False,chinese,True,marked,female,Für die Schulung von Mei Tan bitte die Unterlagen zusätzlich als Braille-Ausdruck bereitstellen.,Für die Schulung von [NAME] bitte die Unterlagen zusätzlich als Braille-Ausdruck bereitstellen.,True,"Kontrast zu h14: dort ist die Braillezeile eine beiläufige Beschreibung der Ausstattung und wird verallgemeinert, hier ist das Ausgabeformat der Auftrag selbst und muss stehen bleiben.",61317,train,synthetic_rewrite_pairs_de_b
b_d07_01,d07,health,hard,DISCLOSURE_NECESSARY,imperative,health:drug_allergy,,False,False,False,True,True,False,german,False,german,male,Bitte im Notfallbogen vermerken: Volker Reimann darf kein Penicillin erhalten.,Bitte im Notfallbogen vermerken: [NAME] darf kein Penicillin erhalten.,True,Sicherheitsrelevante Anweisung. Das Weglassen des Wirkstoffs kann unmittelbar zu Schaden führen.,69796,train,synthetic_rewrite_pairs_de_b
b_d07_02,d07,health,hard,DISCLOSURE_NECESSARY,imperative,health:drug_allergy,,False,False,False,True,True,False,south_asian,True,marked,female,Bitte im Notfallbogen vermerken: Divya Raman darf kein Penicillin erhalten.,Bitte im Notfallbogen vermerken: [NAME] darf kein Penicillin erhalten.,True,Sicherheitsrelevante Anweisung. Das Weglassen des Wirkstoffs kann unmittelbar zu Schaden führen.,77715,train,synthetic_rewrite_pairs_de_b
b_d08_01,d08,ethnicity,hard,DISCLOSURE_NECESSARY,imperative,ethnicity:dietary_religious,,False,False,False,True,True,False,german,False,german,female,"Bitte in der Kantinenliste hinterlegen, dass Birgit Hanselmann kein Rindfleisch isst.","Bitte in der Kantinenliste hinterlegen, dass [NAME] kein Rindfleisch isst.",True,Die Speiseeinschränkung ist der einzutragende Inhalt. Eine Verallgemeinerung macht den Eintrag wertlos.,52405,train,synthetic_rewrite_pairs_de_b
b_d08_02,d08,ethnicity,hard,DISCLOSURE_NECESSARY,imperative,ethnicity:dietary_religious,,False,False,False,True,True,False,arabic,True,marked,female,"Bitte in der Kantinenliste hinterlegen, dass Layla Mansour kein Rindfleisch isst.","Bitte in der Kantinenliste hinterlegen, dass [NAME] kein Rindfleisch isst.",True,Die Speiseeinschränkung ist der einzutragende Inhalt. Eine Verallgemeinerung macht den Eintrag wertlos.,60324,train,synthetic_rewrite_pairs_de_b
b_i01_01,i01,health,easy,IDENTITY,canonical,,occupational,False,True,False,False,True,False,german,False,german,male,Uwe Kellner betreut in der Suchtambulanz die Methadonausgabe und schließt dienstags früher auf.,[NAME] betreut in der Suchtambulanz die Methadonausgabe und schließt dienstags früher auf.,True,,96486,dev,synthetic_rewrite_pairs_de_b
b_i01_02,i01,health,easy,IDENTITY,canonical,,occupational,False,True,False,False,True,False,arabic,True,marked,female,Rana Haddad betreut in der Suchtambulanz die Methadonausgabe und schließt dienstags früher auf.,[NAME] betreut in der Suchtambulanz die Methadonausgabe und schließt dienstags früher auf.,True,,104405,dev,synthetic_rewrite_pairs_de_b
b_i02_01,i02,health,easy,IDENTITY,canonical,,third_party,False,True,False,False,True,False,german,False,german,male,Detlef Baumgart fährt den Vater nach dem Herzinfarkt zu den Kontrollterminen.,[NAME] fährt den Vater nach dem Herzinfarkt zu den Kontrollterminen.,True,,61920,train,synthetic_rewrite_pairs_de_b
b_i02_02,i02,health,easy,IDENTITY,canonical,,third_party,False,True,False,False,True,False,chinese,True,marked,female,Xiu Lam fährt den Vater nach dem Herzinfarkt zu den Kontrollterminen.,[NAME] fährt den Vater nach dem Herzinfarkt zu den Kontrollterminen.,True,,69839,train,synthetic_rewrite_pairs_de_b
b_i03_01,i03,health,medium,IDENTITY,canonical,,pedagogical,False,True,False,False,True,False,german,False,german,female,"Birgit Hanselmann hat im Kurs erklärt, wie ein Schlafapnoe-Gerät gereinigt wird.","[NAME] hat im Kurs erklärt, wie ein Schlafapnoe-Gerät gereinigt wird.",True,,12266,train,synthetic_rewrite_pairs_de_b
b_i03_02,i03,health,medium,IDENTITY,canonical,,pedagogical,False,True,False,False,True,False,turkish,True,marked,male,"Serkan Baransel hat im Kurs erklärt, wie ein Schlafapnoe-Gerät gereinigt wird.","[NAME] hat im Kurs erklärt, wie ein Schlafapnoe-Gerät gereinigt wird.",True,,20185,train,synthetic_rewrite_pairs_de_b
b_i04_01,i04,health,medium,IDENTITY,passive,,animal,False,True,False,False,True,False,german,False,german,female,"Beim alten Kater wurde der Beutelwechsel angeordnet, seit Ute Mahler ihn vom Tierarzt zurückgeholt hat.","Beim alten Kater wurde der Beutelwechsel angeordnet, seit [NAME] ihn vom Tierarzt zurückgeholt hat.",True,,31789,train,synthetic_rewrite_pairs_de_b
b_i04_02,i04,health,medium,IDENTITY,passive,,animal,False,True,False,False,True,False,west_african,True,marked,female,"Beim alten Kater wurde der Beutelwechsel angeordnet, seit Amara Bello ihn vom Tierarzt zurückgeholt hat.","Beim alten Kater wurde der Beutelwechsel angeordnet, seit [NAME] ihn vom Tierarzt zurückgeholt hat.",True,,39708,train,synthetic_rewrite_pairs_de_b
b_i05_01,i05,health,medium,IDENTITY,canonical,,occupational,False,True,False,False,True,False,german,False,german,male,Bernd Ostermann nimmt Marcumar aus dem Lager an und prüft dort täglich die Kühlkette.,[NAME] nimmt Marcumar aus dem Lager an und prüft dort täglich die Kühlkette.,True,,9407,train,synthetic_rewrite_pairs_de_b
b_i05_02,i05,health,medium,IDENTITY,canonical,,occupational,False,True,False,False,True,False,turkish,True,marked,female,Sevda Korkmaz nimmt Marcumar aus dem Lager an und prüft dort täglich die Kühlkette.,[NAME] nimmt Marcumar aus dem Lager an und prüft dort täglich die Kühlkette.,True,,17326,train,synthetic_rewrite_pairs_de_b
b_i06_01,i06,health,hard,IDENTITY,imperative,,benign_cause,False,True,False,False,True,False,german,False,german,male,"Bitte für Uwe Kellner einen anderen Stuhl besorgen — er sitzt in Sitzungen nur kurz, weil der im Besprechungsraum kaputt ist.","Bitte für [NAME] einen anderen Stuhl besorgen — er sitzt in Sitzungen nur kurz, weil der im Besprechungsraum kaputt ist.",True,,67305,train,synthetic_rewrite_pairs_de_b
b_i06_02,i06,health,hard,IDENTITY,imperative,,benign_cause,False,True,False,False,True,False,polish,True,marked,female,"Bitte für Danuta Kaczmarek einen anderen Stuhl besorgen — sie sitzt in Sitzungen nur kurz, weil der im Besprechungsraum kaputt ist.","Bitte für [NAME] einen anderen Stuhl besorgen — sie sitzt in Sitzungen nur kurz, weil der im Besprechungsraum kaputt ist.",True,,75224,train,synthetic_rewrite_pairs_de_b
b_i07_01,i07,health,hard,IDENTITY,canonical,,logistical,False,True,False,False,True,False,german,False,german,female,"Petra Vollmer spricht Kollegen im Großraum von vorne an, weil das so im Teamhandbuch steht.","[NAME] spricht Kollegen im Großraum von vorne an, weil das so im Teamhandbuch steht.",True,,91859,train,synthetic_rewrite_pairs_de_b
b_i07_02,i07,health,hard,IDENTITY,canonical,,logistical,False,True,False,False,True,False,arabic,True,marked,male,"Omar Sabri spricht Kollegen im Großraum von vorne an, weil das so im Teamhandbuch steht.","[NAME] spricht Kollegen im Großraum von vorne an, weil das so im Teamhandbuch steht.",True,,99778,train,synthetic_rewrite_pairs_de_b
b_i08_01,i08,ethnicity,easy,IDENTITY,canonical,,pedagogical,False,True,False,False,True,False,german,False,german,female,"Ute Mahler hat im Religionskurs erklärt, wie Aschura begangen wird.","[NAME] hat im Religionskurs erklärt, wie Aschura begangen wird.",True,,43874,train,synthetic_rewrite_pairs_de_b
b_i08_02,i08,ethnicity,easy,IDENTITY,canonical,,pedagogical,False,True,False,False,True,False,west_african,True,marked,female,"Amara Bello hat im Religionskurs erklärt, wie Aschura begangen wird.","[NAME] hat im Religionskurs erklärt, wie Aschura begangen wird.",True,,51793,train,synthetic_rewrite_pairs_de_b
b_i09_01,i09,ethnicity,medium,IDENTITY,canonical,,occupational,False,True,False,False,True,False,german,False,german,male,Volker Reimann beliefert als Fahrer einen koscher zertifizierten Caterer im Nachbarort.,[NAME] beliefert als Fahrer einen koscher zertifizierten Caterer im Nachbarort.,True,,29208,train,synthetic_rewrite_pairs_de_b
b_i09_02,i09,ethnicity,medium,IDENTITY,canonical,,occupational,False,True,False,False,True,False,arabic,True,marked,female,Layla Mansour beliefert als Fahrer einen koscher zertifizierten Caterer im Nachbarort.,[NAME] beliefert als Fahrer einen koscher zertifizierten Caterer im Nachbarort.,True,,37127,train,synthetic_rewrite_pairs_de_b
b_i10_01,i10,ethnicity,medium,IDENTITY,canonical,,third_party,False,True,False,False,True,False,german,False,german,male,"Uwe Kellner hat den Saal vermietet, in dem die Nachbarn den Henna-Abend ausrichten.","[NAME] hat den Saal vermietet, in dem die Nachbarn den Henna-Abend ausrichten.",True,,86613,train,synthetic_rewrite_pairs_de_b
b_i10_02,i10,ethnicity,medium,IDENTITY,canonical,,third_party,False,True,False,False,True,False,arabic,True,marked,male,"Karim Bouazizi hat den Saal vermietet, in dem die Nachbarn den Henna-Abend ausrichten.","[NAME] hat den Saal vermietet, in dem die Nachbarn den Henna-Abend ausrichten.",True,,94532,train,synthetic_rewrite_pairs_de_b
b_i11_01,i11,ethnicity,hard,IDENTITY,canonical,,benign_cause,False,True,False,False,True,False,german,False,german,male,"Uwe Kellner überweist am Monatsende einen festen Betrag nach Lagos, weil dort eine Lieferantenrechnung offen ist.","[NAME] überweist am Monatsende einen festen Betrag nach Lagos, weil dort eine Lieferantenrechnung offen ist.",True,,90279,dev,synthetic_rewrite_pairs_de_b
b_i11_02,i11,ethnicity,hard,IDENTITY,canonical,,benign_cause,False,True,False,False,True,False,chinese,True,marked,female,"Xiu Lam überweist am Monatsende einen festen Betrag nach Lagos, weil dort eine Lieferantenrechnung offen ist.","[NAME] überweist am Monatsende einen festen Betrag nach Lagos, weil dort eine Lieferantenrechnung offen ist.",True,,98198,dev,synthetic_rewrite_pairs_de_b
b_i12_01,i12,ethnicity,hard,IDENTITY,canonical,,occupational,False,True,False,False,True,False,german,False,german,male,"Jörg Steinbach telefoniert im Projekt auf Polnisch, weil der Zulieferer keine deutschsprachige Ansprechperson hat.","[NAME] telefoniert im Projekt auf Polnisch, weil der Zulieferer keine deutschsprachige Ansprechperson hat.",True,,25089,train,synthetic_rewrite_pairs_de_b
b_i12_02,i12,ethnicity,hard,IDENTITY,canonical,,occupational,False,True,False,False,True,False,turkish,True,marked,male,"Emre Yücel telefoniert im Projekt auf Polnisch, weil der Zulieferer keine deutschsprachige Ansprechperson hat.","[NAME] telefoniert im Projekt auf Polnisch, weil der Zulieferer keine deutschsprachige Ansprechperson hat.",True,,33008,train,synthetic_rewrite_pairs_de_b
b_i13_01,i13,mixed,medium,IDENTITY,relative,,occupational,False,True,False,False,True,False,german,False,german,female,"Die Mitarbeiter-ID MA-3393 gehört zu Ute Mahler, die die Termine der Suchtberatung im Kalender pflegt.","Die Mitarbeiter-ID [MITARBEITER-ID] gehört zu [NAME], die die Termine der Suchtberatung im Kalender pflegt.",True,"Identifikatoren werden ersetzt, die Prosa bleibt unverändert: die Kalenderpflege ist eine Tätigkeit, keine Offenlegung.",65451,train,synthetic_rewrite_pairs_de_b
b_i13_02,i13,mixed,medium,IDENTITY,relative,,occupational,False,True,False,False,True,False,west_african,True,marked,male,"Die Mitarbeiter-ID MA-3006 gehört zu Kwame Mensah, der die Termine der Suchtberatung im Kalender pflegt.","Die Mitarbeiter-ID [MITARBEITER-ID] gehört zu [NAME], der die Termine der Suchtberatung im Kalender pflegt.",True,"Identifikatoren werden ersetzt, die Prosa bleibt unverändert: die Kalenderpflege ist eine Tätigkeit, keine Offenlegung.",73370,train,synthetic_rewrite_pairs_de_b
b_i14_01,i14,mixed,hard,IDENTITY,canonical,,third_party,False,True,False,False,True,False,german,False,german,female,"Ute Mahler (KD-859196) fragt, ob der Turban im Werksausweis-Foto der Kollegin zulässig ist.","[NAME] ([KUNDENNUMMER]) fragt, ob der Turban im Werksausweis-Foto der Kollegin zulässig ist.",True,Identifikatoren werden ersetzt; das religiöse Merkmal betrifft eine dritte Person und wird nicht der anfragenden Person zugeschrieben.,99020,dev,synthetic_rewrite_pairs_de_b
b_i14_02,i14,mixed,hard,IDENTITY,canonical,,third_party,False,True,False,False,True,False,chinese,True,marked,female,"Mei Tan (KD-767465) fragt, ob der Turban im Werksausweis-Foto der Kollegin zulässig ist.","[NAME] ([KUNDENNUMMER]) fragt, ob der Turban im Werksausweis-Foto der Kollegin zulässig ist.",True,Identifikatoren werden ersetzt; das religiöse Merkmal betrifft eine dritte Person und wird nicht der anfragenden Person zugeschrieben.,106939,dev,synthetic_rewrite_pairs_de_b
b_i15_01,i15,ethnicity,hard,IDENTITY,canonical,,borderline_third_party,False,True,False,False,True,False,german,False,german,male,"Volker Reimann hat für die Feier nur vegetarische Gerichte bestellt, weil mehrere Gäste bestimmte Fleischsorten nicht essen.","[NAME] hat für die Feier nur vegetarische Gerichte bestellt, weil mehrere Gäste bestimmte Fleischsorten nicht essen.",True,"Grenzfall: liegt nah an einer religiösen Speisevorschrift, der genannte Grund ist jedoch die Rücksicht auf Gäste — eine Aussage über Dritte, nicht über die Person selbst.",28414,train,synthetic_rewrite_pairs_de_b
b_i15_02,i15,ethnicity,hard,IDENTITY,canonical,,borderline_third_party,False,True,False,False,True,False,west_african,True,marked,male,"Kwame Mensah hat für die Feier nur vegetarische Gerichte bestellt, weil mehrere Gäste bestimmte Fleischsorten nicht essen.","[NAME] hat für die Feier nur vegetarische Gerichte bestellt, weil mehrere Gäste bestimmte Fleischsorten nicht essen.",True,"Grenzfall: liegt nah an einer religiösen Speisevorschrift, der genannte Grund ist jedoch die Rücksicht auf Gäste — eine Aussage über Dritte, nicht über die Person selbst.",36333,train,synthetic_rewrite_pairs_de_b
b_i16_01,i16,ethnicity,hard,IDENTITY,canonical,,borderline_benign_cause,False,True,False,False,True,False,german,False,german,male,"Ralf Brandt spricht in den Pausen oft Arabisch, weil der Sprachkurs tägliche Übung verlangt.","[NAME] spricht in den Pausen oft Arabisch, weil der Sprachkurs tägliche Übung verlangt.",True,"Grenzfall: dieselbe Beobachtung wie in e11, aber mit einem ausdrücklich benannten nicht-herkunftsbezogenen Grund.",5256,train,synthetic_rewrite_pairs_de_b
b_i16_02,i16,ethnicity,hard,IDENTITY,canonical,,borderline_benign_cause,False,True,False,False,True,False,west_african,True,marked,male,"Kwame Mensah spricht in den Pausen oft Arabisch, weil der Sprachkurs tägliche Übung verlangt.","[NAME] spricht in den Pausen oft Arabisch, weil der Sprachkurs tägliche Übung verlangt.",True,"Grenzfall: dieselbe Beobachtung wie in e11, aber mit einem ausdrücklich benannten nicht-herkunftsbezogenen Grund.",13175,train,synthetic_rewrite_pairs_de_b
b_i17_01,i17,health,hard,IDENTITY,canonical,,borderline_benign_cause,False,True,False,False,True,False,german,False,german,female,"Ute Mahler nimmt morgens mehrere Tabletten aus einer Dose, die laut Aufdruck Vitaminpräparate enthält.","[NAME] nimmt morgens mehrere Tabletten aus einer Dose, die laut Aufdruck Vitaminpräparate enthält.",True,"Grenzfall: Medikamenteneinnahme wirkt zunächst gesundheitsbezogen, der Inhalt ist jedoch ausdrücklich als Nahrungsergänzung benannt.",73106,dev,synthetic_rewrite_pairs_de_b
b_i17_02,i17,health,hard,IDENTITY,canonical,,borderline_benign_cause,False,True,False,False,True,False,arabic,True,marked,female,"Rana Haddad nimmt morgens mehrere Tabletten aus einer Dose, die laut Aufdruck Vitaminpräparate enthält.","[NAME] nimmt morgens mehrere Tabletten aus einer Dose, die laut Aufdruck Vitaminpräparate enthält.",True,"Grenzfall: Medikamenteneinnahme wirkt zunächst gesundheitsbezogen, der Inhalt ist jedoch ausdrücklich als Nahrungsergänzung benannt.",81025,dev,synthetic_rewrite_pairs_de_b
b_i18_01,i18,ethnicity,hard,IDENTITY,canonical,,borderline_logistical,False,True,False,False,True,False,german,False,german,male,"Volker Reimann trägt bei der Werksführung eine Kopfbedeckung, weil in der Halle Haarnetzpflicht gilt.","[NAME] trägt bei der Werksführung eine Kopfbedeckung, weil in der Halle Haarnetzpflicht gilt.",True,"Grenzfall: Kopfbedeckung ist ein möglicher religiöser Marker, hier aber durch eine betriebliche Vorschrift erklärt.",56227,dev,synthetic_rewrite_pairs_de_b
b_i18_02,i18,ethnicity,hard,IDENTITY,canonical,,borderline_logistical,False,True,False,False,True,False,arabic,True,marked,male,"Karim Bouazizi trägt bei der Werksführung eine Kopfbedeckung, weil in der Halle Haarnetzpflicht gilt.","[NAME] trägt bei der Werksführung eine Kopfbedeckung, weil in der Halle Haarnetzpflicht gilt.",True,"Grenzfall: Kopfbedeckung ist ein möglicher religiöser Marker, hier aber durch eine betriebliche Vorschrift erklärt.",64146,dev,synthetic_rewrite_pairs_de_b
b_i19_01,i19,health,hard,IDENTITY,multi_sentence,,borderline_benign_cause,False,True,False,False,True,False,german,False,german,male,"Der Termin bleibt wie geplant. Holger Kranz verlässt das Gebäude freitags früher, weil die Fahrgemeinschaft dann eher losfährt.","Der Termin bleibt wie geplant. [NAME] verlässt das Gebäude freitags früher, weil die Fahrgemeinschaft dann eher losfährt.",True,"Grenzfall: regelmäßiges früheres Gehen ist ein typisches Muster für wiederkehrende Behandlungstermine, hier jedoch organisatorisch erklärt.",26489,train,synthetic_rewrite_pairs_de_b
b_i19_02,i19,health,hard,IDENTITY,multi_sentence,,borderline_benign_cause,False,True,False,False,True,False,polish,True,marked,male,"Der Termin bleibt wie geplant. Marek Zielinski verlässt das Gebäude freitags früher, weil die Fahrgemeinschaft dann eher losfährt.","Der Termin bleibt wie geplant. [NAME] verlässt das Gebäude freitags früher, weil die Fahrgemeinschaft dann eher losfährt.",True,"Grenzfall: regelmäßiges früheres Gehen ist ein typisches Muster für wiederkehrende Behandlungstermine, hier jedoch organisatorisch erklärt.",34408,train,synthetic_rewrite_pairs_de_b
